-- MySQL dump 10.13  Distrib 5.5.31, for debian-linux-gnu (armv7l)
--
-- Host: localhost    Database: testdb
-- ------------------------------------------------------
-- Server version	5.5.31-0+wheezy1

/*!40101 SET @OLD_CHARACTER_SET_CLIENT=@@CHARACTER_SET_CLIENT */;
/*!40101 SET @OLD_CHARACTER_SET_RESULTS=@@CHARACTER_SET_RESULTS */;
/*!40101 SET @OLD_COLLATION_CONNECTION=@@COLLATION_CONNECTION */;
/*!40101 SET NAMES utf8 */;
/*!40103 SET @OLD_TIME_ZONE=@@TIME_ZONE */;
/*!40103 SET TIME_ZONE='+00:00' */;
/*!40014 SET @OLD_UNIQUE_CHECKS=@@UNIQUE_CHECKS, UNIQUE_CHECKS=0 */;
/*!40014 SET @OLD_FOREIGN_KEY_CHECKS=@@FOREIGN_KEY_CHECKS, FOREIGN_KEY_CHECKS=0 */;
/*!40101 SET @OLD_SQL_MODE=@@SQL_MODE, SQL_MODE='NO_AUTO_VALUE_ON_ZERO' */;
/*!40111 SET @OLD_SQL_NOTES=@@SQL_NOTES, SQL_NOTES=0 */;

--
-- Table structure for table `devices`
--

DROP TABLE IF EXISTS `devices`;
/*!40101 SET @saved_cs_client     = @@character_set_client */;
/*!40101 SET character_set_client = utf8 */;
CREATE TABLE `devices` (
  `devid` int(11) NOT NULL,
  `description` varchar(255) DEFAULT NULL,
  `devgroup` varchar(1) DEFAULT NULL,
  `devcode` int(11) DEFAULT NULL,
  PRIMARY KEY (`devid`)
) ENGINE=InnoDB DEFAULT CHARSET=latin1;
/*!40101 SET character_set_client = @saved_cs_client */;

--
-- Dumping data for table `devices`
--

LOCK TABLES `devices` WRITE;
/*!40000 ALTER TABLE `devices` DISABLE KEYS */;
INSERT INTO `devices` VALUES (1,'Kroonluchter','d',2),(3,'Woonkamer','d',1),(4,'Bibliotheek','c',1),(5,'Boven-overloopjongens','d',3),(6,'Vijver','a',3),(7,'Buiten','b',1),(8,'Kerstboom','a',1),(9,'Buitenverlichting','a',2),(11,'Kerstlampjes-huis','C',1),(12,'Kerstlampjes-garage','B',1),(13,'ElctrischeDeken','A',1);
/*!40000 ALTER TABLE `devices` ENABLE KEYS */;
UNLOCK TABLES;

--
-- Table structure for table `swhistory`
--

DROP TABLE IF EXISTS `swhistory`;
/*!40101 SET @saved_cs_client     = @@character_set_client */;
/*!40101 SET character_set_client = utf8 */;
CREATE TABLE `swhistory` (
  `sdevid` int(11) DEFAULT NULL,
  `swmoment` varchar(100) DEFAULT NULL,
  `saction` int(11) DEFAULT NULL
) ENGINE=InnoDB DEFAULT CHARSET=latin1;
/*!40101 SET character_set_client = @saved_cs_client */;

--
-- Dumping data for table `swhistory`
--

LOCK TABLES `swhistory` WRITE;
/*!40000 ALTER TABLE `swhistory` DISABLE KEYS */;
INSERT INTO `swhistory` VALUES (4,'2013-11-25 16:20:00',1),(3,'2013-11-25 16:20:04',1),(5,'2013-11-25 16:20:08',1),(4,'2013-11-25 16:21:03',0),(4,'2013-11-25 16:21:08',1),(4,'2013-11-25 16:23:04',0),(4,'2013-11-25 16:23:06',1),(4,'2013-11-25 16:24:08',0),(2,'2013-11-25 16:26:39',1),(2,'2013-11-25 16:26:46',0),(4,'2013-11-25 16:48:49',1),(4,'2013-11-25 16:48:56',0),(4,'2013-11-25 16:57:55',1),(4,'2013-11-25 16:58:29',1),(4,'2013-11-25 16:59:16',1),(4,'2013-11-25 17:00:49',1),(4,'2013-11-25 17:01:10',1),(4,'2013-11-25 17:02:34',1),(4,'2013-11-25 17:04:22',1),(4,'2013-11-25 17:04:49',1),(4,'2013-11-25 17:05:15',0),(4,'2013-11-25 17:05:27',1),(4,'2013-11-25 17:05:32',1),(4,'2013-11-25 17:05:35',1),(4,'2013-11-25 17:06:03',1),(4,'2013-11-25 17:06:15',1),(4,'2013-11-25 17:06:11',0),(3,'2013-11-25 17:06:20',1),(4,'2013-11-25 17:06:24',1),(4,'2013-11-25 17:06:30',1),(4,'2013-11-25 17:06:31',1),(4,'2013-11-25 17:06:32',1),(4,'2013-11-25 17:06:32',1),(2,'2013-11-25 17:06:36',1),(4,'2013-11-25 17:06:34',1),(2,'2013-11-25 17:06:37',0),(3,'2013-11-25 17:06:39',1),(4,'2013-11-25 17:06:39',1),(5,'2013-11-25 17:06:37',0),(4,'2013-11-25 17:06:38',0),(3,'2013-11-25 17:06:38',0),(4,'2013-11-25 17:07:14',1),(4,'2013-11-25 17:10:55',1),(4,'2013-11-25 17:11:09',0),(4,'2013-11-25 17:11:17',1),(4,'2013-11-25 17:16:35',0),(4,'2013-11-25 17:17:41',0),(4,'2013-11-25 17:40:37',1),(4,'2013-11-25 17:40:46',0),(4,'2013-11-25 17:40:53',1),(4,'2013-11-25 17:41:37',0),(4,'2013-11-25 17:41:41',1),(4,'2013-11-25 17:41:56',0),(4,'2013-11-25 17:42:06',1),(4,'2013-11-25 17:43:41',0),(4,'2013-11-25 17:45:22',1),(4,'2013-11-25 17:45:31',0),(4,'2013-11-25 17:45:35',1),(4,'2013-11-25 17:46:54',0),(4,'2013-11-25 17:47:04',1),(4,'2013-11-25 17:47:48',1),(4,'2013-11-25 17:47:53',1),(4,'2013-11-25 17:47:55',0),(4,'2013-11-25 17:47:59',1),(4,'2013-11-25 17:53:34',1),(4,'2013-11-25 17:53:32',0),(4,'2013-11-25 17:59:04',0),(4,'2013-11-25 17:59:08',1),(2,'2013-11-25 19:10:59',1),(3,'2013-11-25 19:11:05',0),(2,'2013-11-25 19:11:11',0),(3,'2013-11-25 19:11:10',1),(7,'2013-11-25 19:20:51',0),(7,'2013-11-25 19:21:09',1),(7,'2013-11-25 19:21:27',1),(7,'2013-11-25 19:21:47',1),(3,'2013-11-25 19:23:08',1),(3,'2013-11-25 22:25:09',0),(4,'2013-11-25 22:25:28',0),(3,'2013-11-26 16:31:24',1),(3,'2013-11-26 16:31:27',0),(3,'2013-11-26 20:51:33',0),(3,'2013-11-26 20:51:35',1),(4,'2013-11-26 20:51:59',1),(4,'2013-11-27 06:53:34',1),(4,'2013-11-27 06:54:39',1),(4,'2013-11-27 06:55:12',0),(4,'2013-11-27 20:17:09',1),(3,'2013-11-27 22:28:34',0),(4,'2013-11-27 22:29:13',0),(3,'2013-11-28 07:40:55',1),(3,'2013-11-28 07:41:00',0),(4,'2013-11-28 07:41:09',0),(2,'2013-11-28 07:41:21',1),(5,'2013-11-28 07:41:30',1),(4,'2013-11-28 18:06:04',1),(3,'2013-11-28 22:46:00',0),(4,'2013-11-28 22:46:07',0),(4,'2013-11-28 23:15:00',0),(7,'2013-11-28 23:50:00',0),(5,'2013-11-28 23:55:00',0),(4,'2013-11-29 13:56:10',1),(4,'2013-11-29 13:56:13',0),(4,'2013-11-29 13:56:16',0),(6,'2013-11-29 13:56:23',1),(4,'2013-11-29 14:02:34',1),(4,'2013-11-29 14:02:37',0),(4,'2013-11-29 14:02:39',0),(4,'2013-11-29 14:02:42',0),(3,'2013-11-29 16:32:47',1),(4,'2013-11-29 16:32:48',1),(6,'2013-11-29 16:32:56',1),(7,'2013-11-29 16:32:55',1),(3,'2013-11-29 16:33:14',1),(6,'2013-11-29 16:33:22',1),(7,'2013-11-29 16:33:31',1),(4,'2013-11-29 23:05:24',0),(6,'2013-11-29 23:05:39',1),(2,'2013-11-29 23:05:50',0),(6,'2013-11-29 23:05:56',1),(7,'2013-11-29 23:06:08',0),(6,'2013-11-29 23:16:16',1),(4,'2013-11-29 23:16:20',0),(6,'2013-11-30 13:49:18',1),(3,'2013-11-30 13:49:29',0),(3,'2013-11-30 13:49:35',1),(3,'2013-11-30 13:49:39',0),(3,'2013-11-30 13:49:49',0),(3,'2013-11-30 13:49:57',0),(3,'2013-11-30 16:26:30',1),(4,'2013-11-30 16:26:40',1),(3,'2013-11-30 22:39:33',0),(4,'2013-11-30 22:39:38',0),(4,'2013-11-30 22:39:40',0),(5,'2013-11-30 22:39:49',0),(4,'2013-12-01 12:10:00',1),(4,'2013-12-01 12:41:52',0),(1,'2013-12-01 12:42:47',1),(1,'2013-12-01 12:43:26',1),(1,'2013-12-01 12:43:30',0),(6,'2013-12-01 14:15:00',0),(4,'2013-12-01 16:10:00',1),(3,'2013-12-01 16:20:00',1),(5,'2013-12-01 16:20:04',1),(7,'2013-12-01 20:15:00',1),(3,'2013-12-01 22:21:39',0),(4,'2013-12-01 22:21:44',0),(4,'2013-12-01 23:15:00',0),(7,'2013-12-01 23:50:00',0),(5,'2013-12-01 23:55:00',0),(3,'2013-12-02 06:48:16',0),(4,'2013-12-02 18:51:22',1),(3,'2013-12-02 22:26:56',0),(4,'2013-12-02 22:27:00',0),(4,'2013-12-02 22:27:10',0),(4,'2013-12-02 22:28:41',0),(3,'2013-12-02 22:28:49',0),(3,'2013-12-03 07:09:04',0),(3,'2013-12-03 07:09:19',0),(6,'2013-12-03 10:15:00',1),(6,'2013-12-03 14:15:00',0),(4,'2013-12-03 16:10:00',1),(3,'2013-12-03 16:20:00',1),(5,'2013-12-03 16:20:04',1),(7,'2013-12-03 20:15:00',1),(3,'2013-12-03 22:39:17',0),(4,'2013-12-03 22:39:22',0),(4,'2013-12-03 23:15:00',0),(7,'2013-12-03 23:50:00',0),(5,'2013-12-03 23:55:00',0),(3,'2013-12-04 00:15:00',0),(4,'2013-12-04 18:57:56',1),(3,'2013-12-04 22:48:28',0),(3,'2013-12-04 22:48:37',0),(4,'2013-12-04 22:48:42',0),(3,'2013-12-04 22:48:50',0),(4,'2013-12-04 22:48:54',0),(4,'2013-12-04 23:15:00',0),(7,'2013-12-04 23:50:00',0),(5,'2013-12-04 23:55:00',0),(3,'2013-12-05 00:15:00',0),(4,'2013-12-05 18:54:01',1),(3,'2013-12-05 22:41:24',0),(4,'2013-12-05 22:41:33',0),(4,'2013-12-06 16:10:00',1),(3,'2013-12-06 16:20:00',1),(5,'2013-12-06 16:20:04',1),(7,'2013-12-06 20:15:00',1),(4,'2013-12-06 22:32:57',0),(4,'2013-12-06 23:15:00',0),(7,'2013-12-06 23:50:00',0),(5,'2013-12-06 23:55:00',0),(3,'2013-12-07 00:15:00',0),(8,'2013-12-07 13:44:42',0),(8,'2013-12-07 13:44:47',1),(8,'2013-12-07 13:44:59',1),(8,'2013-12-07 13:44:56',0),(3,'2013-12-07 13:45:06',0),(4,'2013-12-07 13:45:07',0),(8,'2013-12-07 13:45:09',0),(9,'2013-12-07 13:45:10',0),(6,'2013-12-07 13:55:19',1),(6,'2013-12-07 13:55:21',1),(5,'2013-12-07 13:55:32',0),(5,'2013-12-07 14:01:47',1),(5,'2013-12-07 14:02:04',1),(5,'2013-12-07 14:02:00',0),(5,'2013-12-07 14:02:06',1),(5,'2013-12-07 14:02:09',0),(5,'2013-12-07 14:02:11',0),(5,'2013-12-07 14:03:48',1),(5,'2013-12-07 14:03:52',0),(5,'2013-12-07 14:03:54',1),(8,'2013-12-07 14:07:19',1),(4,'2013-12-07 16:10:00',1),(8,'2013-12-07 16:15:00',1),(3,'2013-12-07 16:20:00',1),(5,'2013-12-07 16:20:04',1),(7,'2013-12-07 20:15:00',1),(3,'2013-12-07 23:10:04',0),(4,'2013-12-07 23:10:09',0),(8,'2013-12-07 23:10:13',0),(8,'2013-12-07 23:10:23',0),(4,'2013-12-07 23:15:00',0),(8,'2013-12-07 23:30:00',0),(7,'2013-12-07 23:50:00',0),(5,'2013-12-07 23:55:00',0),(3,'2013-12-08 00:15:00',0),(5,'2013-12-08 09:36:46',1),(5,'2013-12-08 09:36:57',0),(5,'2013-12-08 09:41:45',1),(5,'2013-12-08 09:41:49',0),(8,'2013-12-08 11:11:58',1),(6,'2013-12-08 12:50:00',0),(4,'2013-12-08 16:10:00',1),(8,'2013-12-08 16:15:00',1),(3,'2013-12-08 16:20:00',1),(5,'2013-12-08 16:20:04',1),(7,'2013-12-08 20:15:00',1),(3,'2013-12-08 22:35:28',0),(4,'2013-12-08 22:35:32',0),(8,'2013-12-08 22:35:40',0),(5,'2013-12-08 22:35:46',0),(6,'2013-12-08 22:35:51',0),(4,'2013-12-08 23:15:00',0),(8,'2013-12-08 23:30:00',0),(7,'2013-12-08 23:50:00',0),(5,'2013-12-08 23:55:00',0),(3,'2013-12-09 00:15:00',0),(4,'2013-12-09 16:12:29',1),(8,'2013-12-09 16:15:00',1),(3,'2013-12-09 16:20:00',1),(5,'2013-12-09 16:20:04',1),(7,'2013-12-09 20:15:00',1),(3,'2013-12-09 22:39:08',0),(4,'2013-12-09 22:39:11',0),(8,'2013-12-09 22:39:22',0),(9,'2013-12-09 22:39:28',0),(4,'2013-12-09 22:39:35',0),(4,'2013-12-09 23:15:00',0),(8,'2013-12-09 23:30:00',0),(7,'2013-12-09 23:50:00',0),(5,'2013-12-09 23:55:00',0),(3,'2013-12-10 00:15:00',0),(8,'2013-12-10 06:48:16',1),(8,'2013-12-10 07:38:00',0),(6,'2013-12-10 07:59:03',1),(6,'2013-12-10 08:00:32',1),(6,'2013-12-10 08:05:00',1),(6,'2013-12-10 08:11:00',1),(6,'2013-12-10 08:20:39',0),(4,'2013-12-10 09:10:02',1),(4,'2013-12-10 09:10:11',0),(6,'2013-12-10 10:30:00',1),(8,'2013-12-10 11:33:24',1),(8,'2013-12-10 11:33:28',0),(9,'2013-12-10 11:33:37',1),(3,'2013-12-10 11:33:48',0),(3,'2013-12-10 11:33:54',0),(8,'2013-12-10 11:34:40',0),(9,'2013-12-10 11:34:49',1),(9,'2013-12-10 11:34:57',0),(12,'2013-12-10 11:40:58',0),(11,'2013-12-10 11:40:59',1),(11,'2013-12-10 11:40:59',0),(4,'2013-12-10 11:59:31',1),(4,'2013-12-10 11:59:42',0),(13,'2013-12-10 11:59:54',1),(13,'2013-12-10 11:59:59',0),(13,'2013-12-10 12:01:51',1),(13,'2013-12-10 12:01:55',0),(11,'2013-12-10 12:02:08',1),(7,'2013-12-10 12:03:57',1),(12,'2013-12-10 12:04:15',1),(13,'2013-12-10 12:05:52',1),(11,'2013-12-10 12:06:35',1),(13,'2013-12-10 12:06:52',1),(13,'2013-12-10 12:06:56',0),(8,'2013-12-10 12:11:44',0),(8,'2013-12-10 12:11:50',0),(4,'2013-12-10 12:11:53',0),(3,'2013-12-10 12:11:55',0),(11,'2013-12-10 12:12:09',1),(8,'2013-12-10 12:12:20',0),(4,'2013-12-10 12:12:55',0),(4,'2013-12-10 12:12:55',1),(4,'2013-12-10 12:13:04',0),(6,'2013-12-10 12:50:00',0),(8,'2013-12-10 13:13:13',1),(8,'2013-12-10 13:13:33',0),(7,'2013-12-10 14:18:16',0),(11,'2013-12-10 14:18:31',1),(4,'2013-12-10 16:10:00',1),(12,'2013-12-10 16:10:04',1),(8,'2013-12-10 16:15:00',1),(11,'2013-12-10 16:15:04',1),(3,'2013-12-10 16:20:00',1),(5,'2013-12-10 16:20:04',1),(7,'2013-12-10 20:15:00',1),(6,'2013-12-10 20:21:47',0),(7,'2013-12-10 20:22:07',1),(11,'2013-12-10 22:00:00',0),(13,'2013-12-10 22:00:01',1),(8,'2013-12-10 22:58:07',0),(8,'2013-12-10 22:58:14',1),(4,'2013-12-10 22:58:18',0),(6,'2013-12-10 22:58:24',0),(6,'2013-12-10 22:58:36',0),(12,'2013-12-10 23:00:00',0),(13,'2013-12-10 23:00:01',0),(8,'2013-12-10 23:02:35',0),(3,'2013-12-10 23:02:38',0),(3,'2013-12-10 23:02:44',0),(3,'2013-12-10 23:03:06',0),(7,'2013-12-10 23:03:38',0),(4,'2013-12-10 23:15:00',0),(8,'2013-12-10 23:30:00',0),(5,'2013-12-10 23:33:41',0),(7,'2013-12-10 23:50:00',0),(5,'2013-12-10 23:55:00',0),(3,'2013-12-11 00:15:00',0),(8,'2013-12-11 06:59:37',0),(8,'2013-12-11 06:59:45',1),(3,'2013-12-11 06:59:52',1),(3,'2013-12-11 06:59:54',0),(3,'2013-12-11 07:00:02',1),(3,'2013-12-11 07:00:04',0),(3,'2013-12-11 07:00:06',0),(5,'2013-12-11 07:00:16',1),(8,'2013-12-11 07:02:22',1),(8,'2013-12-11 07:02:31',1),(5,'2013-12-11 07:58:53',0),(8,'2013-12-11 07:59:02',1),(8,'2013-12-11 07:59:11',0),(5,'2013-12-11 07:59:15',1),(5,'2013-12-11 07:59:24',1),(5,'2013-12-11 08:00:14',0),(4,'2013-12-11 17:26:35',1),(5,'2013-12-11 17:26:45',1),(4,'2013-12-11 19:02:09',0),(4,'2013-12-11 19:02:18',1),(11,'2013-12-11 19:50:53',1),(12,'2013-12-11 19:51:00',1),(13,'2013-12-11 19:51:05',1),(13,'2013-12-11 19:51:13',0),(12,'2013-12-11 19:52:34',1),(12,'2013-12-11 19:57:25',1),(11,'2013-12-11 19:57:39',1),(12,'2013-12-11 20:01:52',0),(12,'2013-12-11 20:02:09',1),(11,'2013-12-11 20:02:27',0),(11,'2013-12-11 20:02:39',1),(12,'2013-12-11 20:07:55',1),(7,'2013-12-11 20:15:00',1),(12,'2013-12-11 20:22:58',1),(3,'2013-12-11 20:23:29',1),(3,'2013-12-11 20:25:29',1),(4,'2013-12-11 20:25:41',1),(4,'2013-12-11 20:27:02',1),(4,'2013-12-11 20:27:08',1),(4,'2013-12-11 20:30:35',1),(4,'2013-12-11 20:30:43',1),(3,'2013-12-11 20:48:21',1),(8,'2013-12-11 21:44:15',1),(8,'2013-12-11 21:44:25',0),(8,'2013-12-11 21:44:36',0),(8,'2013-12-11 21:44:46',1),(8,'2013-12-11 21:44:49',0),(3,'2013-12-11 21:45:02',1),(3,'2013-12-11 21:44:58',0),(11,'2013-12-11 22:00:00',0),(13,'2013-12-11 22:00:01',1),(3,'2013-12-11 22:43:09',0),(4,'2013-12-11 22:43:14',0),(8,'2013-12-11 22:43:22',0),(8,'2013-12-11 22:43:30',0),(8,'2013-12-11 22:43:49',1),(8,'2013-12-11 22:43:52',0),(12,'2013-12-11 22:44:03',0),(11,'2013-12-11 22:44:11',0),(12,'2013-12-11 23:00:00',0),(13,'2013-12-11 23:00:01',0),(4,'2013-12-11 23:15:00',0),(8,'2013-12-11 23:30:00',0),(7,'2013-12-11 23:50:00',0),(5,'2013-12-11 23:55:00',0),(3,'2013-12-12 00:15:00',0),(8,'2013-12-12 16:23:54',1),(4,'2013-12-12 16:24:03',1),(11,'2013-12-12 16:24:30',1),(12,'2013-12-12 16:24:46',1),(4,'2013-12-12 16:24:56',1),(5,'2013-12-12 16:25:09',1),(11,'2013-12-12 22:00:00',0),(13,'2013-12-12 22:00:01',1),(12,'2013-12-12 23:00:00',0),(13,'2013-12-12 23:00:01',0),(4,'2013-12-12 23:15:00',0),(8,'2013-12-12 23:30:00',0),(3,'2013-12-12 23:49:25',0),(4,'2013-12-12 23:49:30',0),(8,'2013-12-12 23:49:34',0),(7,'2013-12-12 23:50:00',0),(5,'2013-12-12 23:55:00',0),(3,'2013-12-13 00:15:00',0),(8,'2013-12-13 07:15:53',1),(5,'2013-12-13 07:16:04',1),(8,'2013-12-13 08:03:59',0),(5,'2013-12-13 08:04:13',0),(1,'2013-12-13 08:04:32',1),(4,'2013-12-13 16:32:54',1),(3,'2013-12-13 16:33:43',1),(8,'2013-12-13 16:33:51',1),(5,'2013-12-13 16:34:00',1),(11,'2013-12-13 17:08:29',1),(13,'2013-12-13 17:08:33',1),(12,'2013-12-13 17:08:42',1),(7,'2013-12-13 20:15:00',1),(3,'2013-12-13 23:24:44',0),(8,'2013-12-13 23:24:50',0),(5,'2013-12-13 23:24:57',0),(7,'2013-12-13 23:25:07',0),(11,'2013-12-13 23:25:19',0),(12,'2013-12-13 23:25:33',0),(4,'2013-12-13 23:26:55',0),(11,'2013-12-14 10:03:30',1),(5,'2013-12-14 10:03:34',0),(11,'2013-12-14 10:03:44',0),(8,'2013-12-14 10:05:35',1),(6,'2013-12-14 10:30:00',1),(6,'2013-12-14 12:50:00',0),(8,'2013-12-14 14:44:56',0),(4,'2013-12-14 16:10:00',1),(12,'2013-12-14 16:10:04',1),(8,'2013-12-14 16:15:00',1),(11,'2013-12-14 16:15:04',1),(3,'2013-12-14 16:20:00',1),(5,'2013-12-14 16:20:04',1),(7,'2013-12-14 20:15:00',1),(11,'2013-12-14 22:00:00',0),(13,'2013-12-14 22:00:01',1),(3,'2013-12-14 22:37:12',0),(4,'2013-12-14 22:37:22',0),(8,'2013-12-14 22:37:31',0),(11,'2013-12-14 22:37:44',0),(12,'2013-12-14 22:37:52',0),(12,'2013-12-14 22:38:18',0),(12,'2013-12-14 23:00:00',0),(13,'2013-12-14 23:00:01',0),(4,'2013-12-14 23:15:00',0),(8,'2013-12-14 23:30:00',0),(7,'2013-12-14 23:50:00',0),(5,'2013-12-14 23:55:00',0),(3,'2013-12-15 00:15:00',0),(8,'2013-12-15 09:29:32',1),(13,'2013-12-15 09:44:51',1),(13,'2013-12-15 09:45:10',0),(8,'2013-12-15 11:43:32',0),(8,'2013-12-15 12:39:15',1),(6,'2013-12-15 12:50:00',0),(4,'2013-12-15 16:10:00',1),(12,'2013-12-15 16:10:04',1),(8,'2013-12-15 16:15:00',1),(11,'2013-12-15 16:15:04',1),(3,'2013-12-15 16:20:00',1),(5,'2013-12-15 16:20:04',1),(1,'2013-12-15 20:13:16',0),(3,'2013-12-15 20:13:39',1),(3,'2013-12-15 20:13:59',1),(3,'2013-12-15 20:14:22',1),(7,'2013-12-15 20:15:00',1),(3,'2013-12-15 20:15:15',1),(13,'2013-12-15 21:25:42',1),(11,'2013-12-15 22:00:00',0),(13,'2013-12-15 22:00:01',1),(8,'2013-12-15 22:42:05',0),(3,'2013-12-15 22:42:18',0),(7,'2013-12-15 22:42:56',0),(12,'2013-12-15 22:43:08',0),(4,'2013-12-15 22:43:30',0),(13,'2013-12-15 22:52:43',0),(12,'2013-12-15 23:00:00',0),(13,'2013-12-15 23:00:01',0),(4,'2013-12-15 23:15:00',0),(8,'2013-12-15 23:30:00',0),(7,'2013-12-15 23:50:00',0),(5,'2013-12-15 23:55:00',0),(3,'2013-12-16 00:15:00',0),(8,'2013-12-16 06:56:52',1),(8,'2013-12-16 06:57:02',1),(8,'2013-12-16 07:53:11',0),(8,'2013-12-16 16:18:50',1),(4,'2013-12-16 16:18:59',1),(3,'2013-12-16 16:19:25',1),(5,'2013-12-16 16:19:42',1),(11,'2013-12-16 16:29:26',1),(12,'2013-12-16 16:29:40',1),(12,'2013-12-16 16:29:57',1),(7,'2013-12-16 19:02:05',0),(7,'2013-12-16 20:15:00',1),(13,'2013-12-16 21:23:49',1),(11,'2013-12-16 22:00:00',0),(13,'2013-12-16 22:00:01',1),(13,'2013-12-16 22:07:30',0),(4,'2013-12-16 22:07:42',0),(3,'2013-12-16 22:07:53',0),(8,'2013-12-16 22:08:00',0),(7,'2013-12-16 22:08:38',0),(12,'2013-12-16 22:22:01',0),(12,'2013-12-16 23:00:00',0),(13,'2013-12-16 23:00:01',0),(4,'2013-12-16 23:15:00',0),(8,'2013-12-16 23:30:00',0),(7,'2013-12-16 23:50:00',0),(5,'2013-12-16 23:55:00',0),(3,'2013-12-17 00:15:00',0),(8,'2013-12-17 06:49:38',1),(8,'2013-12-17 08:10:11',0),(4,'2013-12-17 16:10:00',1),(12,'2013-12-17 16:10:04',1),(8,'2013-12-17 16:15:00',1),(11,'2013-12-17 16:15:04',1),(3,'2013-12-17 16:20:00',1),(5,'2013-12-17 16:20:04',1),(8,'2013-12-17 21:39:21',0),(8,'2013-12-17 21:39:28',1),(13,'2013-12-17 21:39:38',1),(11,'2013-12-17 22:00:00',0),(13,'2013-12-17 22:00:01',1),(13,'2013-12-17 22:45:25',0),(3,'2013-12-17 22:46:48',0),(8,'2013-12-17 22:46:58',0),(4,'2013-12-17 22:47:03',0),(11,'2013-12-17 22:48:01',1),(11,'2013-12-17 22:48:22',0),(12,'2013-12-17 23:00:00',0),(13,'2013-12-17 23:00:01',0),(4,'2013-12-17 23:15:00',0),(8,'2013-12-17 23:30:00',0),(7,'2013-12-17 23:50:00',0),(5,'2013-12-17 23:55:00',0),(3,'2013-12-18 00:15:00',0),(8,'2013-12-18 16:13:43',1),(4,'2013-12-18 16:16:08',1),(3,'2013-12-18 16:20:00',1),(5,'2013-12-18 16:20:04',1),(4,'2013-12-18 16:37:17',1),(8,'2013-12-18 16:37:33',1),(4,'2013-12-18 16:37:46',1),(11,'2013-12-18 16:39:17',1),(12,'2013-12-18 16:39:28',1),(4,'2013-12-18 16:46:52',1),(4,'2013-12-18 16:47:02',0),(4,'2013-12-18 16:47:12',1),(5,'2013-12-18 16:53:52',1),(5,'2013-12-18 16:54:36',0),(5,'2013-12-18 16:54:50',1),(5,'2013-12-18 16:55:56',1),(5,'2013-12-18 16:56:05',0),(5,'2013-12-18 16:56:12',1),(5,'2013-12-18 16:56:44',1),(3,'2013-12-18 16:58:16',1),(8,'2013-12-18 17:01:35',1),(8,'2013-12-18 17:01:45',1),(8,'2013-12-18 17:01:53',0),(8,'2013-12-18 17:02:02',1),(4,'2013-12-18 17:02:10',1),(8,'2013-12-18 19:16:00',1),(8,'2013-12-18 19:16:15',0),(8,'2013-12-18 19:16:27',1),(13,'2013-12-18 19:24:17',0),(13,'2013-12-18 19:24:27',1),(8,'2013-12-18 19:24:34',0),(13,'2013-12-18 19:24:38',0),(8,'2013-12-18 19:24:48',1),(5,'2013-12-18 19:43:02',0),(5,'2013-12-18 19:43:13',1),(4,'2013-12-18 21:49:37',0),(4,'2013-12-18 21:49:54',1),(3,'2013-12-18 21:50:43',1),(4,'2013-12-18 21:50:55',0),(4,'2013-12-18 21:51:19',1),(11,'2013-12-18 22:00:00',0),(13,'2013-12-18 22:00:01',1),(4,'2013-12-18 22:01:33',1),(4,'2013-12-18 22:03:31',0),(4,'2013-12-18 22:03:46',0),(4,'2013-12-18 22:03:50',1),(4,'2013-12-18 22:03:53',1),(4,'2013-12-18 22:04:58',1),(4,'2013-12-18 22:05:40',1),(4,'2013-12-18 22:06:08',1),(4,'2013-12-18 22:06:25',0),(4,'2013-12-18 22:06:37',1),(4,'2013-12-18 22:07:06',1),(8,'2013-12-18 22:07:29',1),(4,'2013-12-18 22:07:53',1),(3,'2013-12-18 22:10:32',1),(3,'2013-12-18 22:50:52',0),(4,'2013-12-18 22:50:58',0),(8,'2013-12-18 22:51:11',0),(11,'2013-12-18 22:51:24',0),(12,'2013-12-18 22:55:27',0),(12,'2013-12-18 23:00:00',0),(13,'2013-12-18 23:00:01',0),(4,'2013-12-18 23:15:00',0),(8,'2013-12-18 23:30:00',0),(7,'2013-12-18 23:50:00',0),(5,'2013-12-18 23:55:00',0),(3,'2013-12-19 00:15:00',0),(8,'2013-12-19 07:05:31',1),(8,'2013-12-19 09:45:55',0),(8,'2013-12-19 09:56:30',0),(4,'2013-12-19 16:15:47',1),(8,'2013-12-19 16:23:34',1),(11,'2013-12-19 16:32:11',1),(12,'2013-12-19 16:32:18',1),(3,'2013-12-19 16:32:22',1),(5,'2013-12-19 16:32:32',1),(7,'2013-12-19 20:15:00',1),(11,'2013-12-19 22:00:00',0),(13,'2013-12-19 22:00:01',1),(3,'2013-12-19 22:35:36',0),(4,'2013-12-19 22:35:42',0),(8,'2013-12-19 22:35:48',0),(12,'2013-12-19 22:36:04',0),(13,'2013-12-19 22:41:34',0),(12,'2013-12-19 23:00:00',0),(13,'2013-12-19 23:00:01',0),(4,'2013-12-19 23:15:00',0),(8,'2013-12-19 23:30:00',0),(7,'2013-12-19 23:50:00',0),(5,'2013-12-19 23:55:00',0),(3,'2013-12-20 00:15:00',0),(13,'2013-12-20 06:40:16',0),(8,'2013-12-20 06:40:22',1),(7,'2013-12-20 06:57:08',0),(7,'2013-12-20 06:57:24',0),(7,'2013-12-20 07:19:45',0),(8,'2013-12-20 08:26:02',0),(3,'2013-12-20 17:05:23',1),(4,'2013-12-20 17:05:32',1),(8,'2013-12-20 17:05:43',1),(5,'2013-12-20 17:05:54',1),(11,'2013-12-20 17:06:12',1),(12,'2013-12-20 17:06:19',1),(7,'2013-12-20 20:15:00',1),(11,'2013-12-20 22:00:00',0),(13,'2013-12-20 22:00:01',1),(3,'2013-12-20 22:30:52',0),(4,'2013-12-20 22:30:57',0),(8,'2013-12-20 22:31:01',0),(12,'2013-12-20 22:33:12',0),(13,'2013-12-20 22:36:37',0),(12,'2013-12-20 23:00:00',0),(13,'2013-12-20 23:00:01',0),(4,'2013-12-20 23:15:00',0),(8,'2013-12-20 23:30:00',0),(7,'2013-12-20 23:50:00',0),(5,'2013-12-20 23:55:00',0),(3,'2013-12-21 00:15:00',0),(4,'2013-12-21 10:43:48',0),(8,'2013-12-21 13:02:43',1),(8,'2013-12-21 15:28:29',0),(4,'2013-12-21 16:10:00',1),(12,'2013-12-21 16:10:04',1),(8,'2013-12-21 16:15:00',1),(11,'2013-12-21 16:15:04',1),(3,'2013-12-21 16:20:00',1),(5,'2013-12-21 16:20:04',1),(7,'2013-12-21 20:15:00',1),(8,'2013-12-21 20:48:03',1),(11,'2013-12-21 22:00:00',0),(13,'2013-12-21 22:00:01',1),(12,'2013-12-21 23:00:00',0),(13,'2013-12-21 23:00:01',0),(13,'2013-12-21 23:14:33',1),(3,'2013-12-21 23:14:41',0),(4,'2013-12-21 23:14:53',0),(4,'2013-12-21 23:15:00',0),(8,'2013-12-21 23:15:29',0),(13,'2013-12-21 23:29:40',0),(8,'2013-12-21 23:30:00',0),(7,'2013-12-21 23:50:00',0),(5,'2013-12-21 23:55:00',0),(3,'2013-12-22 00:15:00',0),(8,'2013-12-22 09:35:55',1),(4,'2013-12-22 10:40:00',1),(4,'2013-12-22 10:45:00',0),(4,'2013-12-22 10:50:00',1),(4,'2013-12-22 10:51:00',1),(4,'2013-12-22 10:52:00',0),(8,'2013-12-22 11:08:46',0),(8,'2013-12-22 11:36:39',1),(8,'2013-12-22 11:52:46',1),(12,'2013-12-22 16:10:00',1),(4,'2013-12-22 16:12:00',1),(8,'2013-12-22 16:15:00',1),(11,'2013-12-22 16:15:04',1),(3,'2013-12-22 16:20:00',1),(5,'2013-12-22 16:20:04',1),(7,'2013-12-22 20:15:00',1),(13,'2013-12-22 21:48:11',1),(11,'2013-12-22 22:00:00',0),(13,'2013-12-22 22:00:02',1),(3,'2013-12-22 22:10:22',0),(3,'2013-12-22 22:10:27',1),(4,'2013-12-22 22:10:48',0),(7,'2013-12-22 22:11:16',0),(12,'2013-12-22 22:11:21',0),(3,'2013-12-22 22:14:56',0),(8,'2013-12-22 22:15:01',0),(13,'2013-12-22 22:28:19',0),(12,'2013-12-22 23:00:00',0),(13,'2013-12-22 23:00:02',0),(4,'2013-12-22 23:15:00',0),(8,'2013-12-22 23:30:00',0),(7,'2013-12-22 23:50:00',0),(5,'2013-12-22 23:55:00',0),(3,'2013-12-23 00:15:00',0),(4,'2013-12-23 08:00:00',1);
/*!40000 ALTER TABLE `swhistory` ENABLE KEYS */;
UNLOCK TABLES;

--
-- Table structure for table `switchlist`
--

DROP TABLE IF EXISTS `switchlist`;
/*!40101 SET @saved_cs_client     = @@character_set_client */;
/*!40101 SET character_set_client = utf8 */;
CREATE TABLE `switchlist` (
  `sdevid` int(11) DEFAULT NULL
) ENGINE=InnoDB DEFAULT CHARSET=latin1;
/*!40101 SET character_set_client = @saved_cs_client */;

--
-- Dumping data for table `switchlist`
--

LOCK TABLES `switchlist` WRITE;
/*!40000 ALTER TABLE `switchlist` DISABLE KEYS */;
INSERT INTO `switchlist` VALUES (4);
/*!40000 ALTER TABLE `switchlist` ENABLE KEYS */;
UNLOCK TABLES;

--
-- Table structure for table `tempsensor`
--

DROP TABLE IF EXISTS `tempsensor`;
/*!40101 SET @saved_cs_client     = @@character_set_client */;
/*!40101 SET character_set_client = utf8 */;
CREATE TABLE `tempsensor` (
  `devid` int(11) DEFAULT NULL,
  `mdate` varchar(100) DEFAULT NULL,
  `temp` float DEFAULT NULL,
  `humid` float DEFAULT NULL
) ENGINE=InnoDB DEFAULT CHARSET=latin1;
/*!40101 SET character_set_client = @saved_cs_client */;

--
-- Dumping data for table `tempsensor`
--

LOCK TABLES `tempsensor` WRITE;
/*!40000 ALTER TABLE `tempsensor` DISABLE KEYS */;
INSERT INTO `tempsensor` VALUES (1,'2013-12-15 14:10:51',22,43),(1,'2013-12-15 14:12:56',22,43),(1,'2013-12-15 14:15:00',22,42),(1,'2013-12-15 14:17:01',22,42),(1,'2013-12-15 14:19:05',21,43),(1,'2013-12-15 14:21:05',21,43),(1,'2013-12-15 14:23:06',21,43),(1,'2013-12-15 14:25:07',21,43),(1,'2013-12-15 14:27:07',21,44),(1,'2013-12-15 14:29:08',21,44),(1,'2013-12-15 14:31:09',21,44),(1,'2013-12-15 14:33:10',21,43),(1,'2013-12-15 14:35:10',21,43),(1,'2013-12-15 14:37:11',21,44),(1,'2013-12-15 14:39:15',21,44),(1,'2013-12-15 14:41:16',21,43),(1,'2013-12-15 14:43:16',21,43),(1,'2013-12-15 14:45:17',21,44),(1,'2013-12-15 14:47:18',21,44),(1,'2013-12-15 14:49:19',21,44),(1,'2013-12-15 14:51:19',21,44),(1,'2013-12-15 14:53:20',21,43),(1,'2013-12-15 14:55:21',21,43),(1,'2013-12-15 14:57:21',21,44),(1,'2013-12-15 14:59:22',21,44),(1,'2013-12-15 15:01:23',21,44),(1,'2013-12-15 15:03:23',21,44),(1,'2013-12-15 15:05:24',21,44),(1,'2013-12-15 15:07:28',21,44),(1,'2013-12-15 15:09:29',21,44),(1,'2013-12-15 15:11:30',21,44),(1,'2013-12-15 15:13:30',21,44),(1,'2013-12-15 15:15:31',21,44),(1,'2013-12-15 15:17:32',21,44),(1,'2013-12-15 15:19:32',21,44),(1,'2013-12-15 15:21:33',21,44),(1,'2013-12-15 15:23:34',21,44),(1,'2013-12-15 15:25:34',21,44),(1,'2013-12-15 15:27:35',21,44),(1,'2013-12-15 15:29:36',21,44),(1,'2013-12-15 15:31:36',21,44),(1,'2013-12-15 15:33:37',21,44),(1,'2013-12-15 15:35:38',21,43),(1,'2013-12-15 15:37:38',21,44),(1,'2013-12-15 15:39:43',21,44),(1,'2013-12-15 15:41:43',21,44),(1,'2013-12-15 15:43:44',21,44),(1,'2013-12-15 15:45:45',21,44),(1,'2013-12-15 15:47:49',21,44),(1,'2013-12-15 15:49:50',21,44),(1,'2013-12-15 15:51:54',21,44),(1,'2013-12-15 15:53:55',21,44),(1,'2013-12-15 15:55:55',21,44),(1,'2013-12-15 15:57:56',21,44),(1,'2013-12-15 16:00:00',21,44),(1,'2013-12-15 16:02:01',21,43),(1,'2013-12-15 16:04:05',21,44),(1,'2013-12-15 16:06:09',21,44),(1,'2013-12-15 16:08:14',21,44),(1,'2013-12-15 16:10:18',21,44),(1,'2013-12-15 16:12:18',21,44),(1,'2013-12-15 16:14:23',21,44),(1,'2013-12-15 16:16:23',21,44),(1,'2013-12-15 16:18:24',21,44),(1,'2013-12-15 16:20:25',20,45),(1,'2013-12-15 16:22:25',21,44),(1,'2013-12-15 16:24:26',21,44),(1,'2013-12-15 16:26:27',21,43),(1,'2013-12-15 16:28:27',21,43),(1,'2013-12-15 16:30:28',21,44),(1,'2013-12-15 16:32:29',21,44),(1,'2013-12-15 16:34:30',21,44),(1,'2013-12-15 16:36:30',20,45),(1,'2013-12-15 16:38:31',21,44),(1,'2013-12-15 16:40:32',21,44),(1,'2013-12-15 16:42:32',21,44),(1,'2013-12-15 16:44:36',20,45),(1,'2013-12-15 16:46:37',20,45),(1,'2013-12-15 16:48:41',20,45),(1,'2013-12-15 16:50:42',20,45),(1,'2013-12-15 16:52:43',20,45),(1,'2013-12-15 16:54:43',21,44),(1,'2013-12-15 16:56:44',20,45),(1,'2013-12-15 16:58:48',20,45),(1,'2013-12-15 17:00:49',20,45),(1,'2013-12-15 17:02:50',20,45),(1,'2013-12-15 17:04:50',20,45),(1,'2013-12-15 17:06:51',20,45),(1,'2013-12-15 17:08:52',20,45),(1,'2013-12-15 17:10:52',20,45),(1,'2013-12-15 17:12:53',20,45),(1,'2013-12-15 17:14:54',21,45),(1,'2013-12-15 17:16:54',20,45),(1,'2013-12-15 17:18:55',20,45),(1,'2013-12-15 17:20:56',20,45),(1,'2013-12-15 17:22:57',20,45),(1,'2013-12-15 17:25:01',20,45),(1,'2013-12-15 17:27:01',20,45),(1,'2013-12-15 17:29:02',20,45),(1,'2013-12-15 17:31:03',20,45),(1,'2013-12-15 17:33:03',20,45),(1,'2013-12-15 17:35:04',20,45),(1,'2013-12-15 17:37:05',20,45),(1,'2013-12-15 17:39:06',20,45),(1,'2013-12-15 17:41:10',20,45),(1,'2013-12-15 17:43:14',20,45),(1,'2013-12-15 17:45:15',20,45),(1,'2013-12-15 17:47:15',20,46),(1,'2013-12-15 17:49:16',20,45),(1,'2013-12-15 17:51:17',20,45),(1,'2013-12-15 17:53:21',20,46),(1,'2013-12-15 17:55:22',20,45),(1,'2013-12-15 17:57:22',20,45),(1,'2013-12-15 17:59:23',20,45),(1,'2013-12-15 18:01:24',20,45),(1,'2013-12-15 18:03:35',20,45),(1,'2013-12-15 18:05:36',20,46),(1,'2013-12-15 18:07:36',20,46),(1,'2013-12-15 18:09:41',20,46),(1,'2013-12-15 18:11:41',20,46),(1,'2013-12-15 18:13:42',20,46),(1,'2013-12-15 18:15:43',21,44),(1,'2013-12-15 18:17:43',20,46),(1,'2013-12-15 18:19:44',20,46),(1,'2013-12-15 18:21:45',20,46),(1,'2013-12-15 18:23:46',20,46),(1,'2013-12-15 18:25:46',20,46),(1,'2013-12-15 18:27:50',20,46),(1,'2013-12-15 18:29:51',20,46),(1,'2013-12-15 18:31:52',20,45),(1,'2013-12-15 18:33:52',20,46),(1,'2013-12-15 18:35:53',20,46),(1,'2013-12-15 18:37:54',20,46),(1,'2013-12-15 18:39:54',20,46),(1,'2013-12-15 18:41:55',20,46),(1,'2013-12-15 18:43:59',20,46),(1,'2013-12-15 18:46:00',20,46),(1,'2013-12-15 18:48:01',20,47),(1,'2013-12-15 18:50:01',20,46),(1,'2013-12-15 18:52:02',20,46),(1,'2013-12-15 18:54:03',20,46),(1,'2013-12-15 18:56:03',20,45),(1,'2013-12-15 18:58:04',20,46),(1,'2013-12-15 19:00:05',20,46),(1,'2013-12-15 19:02:06',20,46),(1,'2013-12-15 19:04:06',20,46),(1,'2013-12-15 19:06:10',20,45),(1,'2013-12-15 19:08:11',20,46),(1,'2013-12-15 19:10:15',20,46),(1,'2013-12-15 19:12:16',20,45),(1,'2013-12-15 19:14:17',20,46),(1,'2013-12-15 19:16:17',20,46),(1,'2013-12-15 19:18:18',20,46),(1,'2013-12-15 19:20:19',20,46),(1,'2013-12-15 19:22:19',20,45),(1,'2013-12-15 19:24:20',20,46),(1,'2013-12-15 19:26:21',20,46),(1,'2013-12-15 19:28:21',20,46),(1,'2013-12-15 19:30:22',20,46),(1,'2013-12-15 19:32:23',20,46),(1,'2013-12-15 19:34:24',20,46),(1,'2013-12-15 19:36:24',20,46),(1,'2013-12-15 19:38:25',20,46),(1,'2013-12-15 19:40:26',20,46),(1,'2013-12-15 19:42:30',20,46),(1,'2013-12-15 19:44:30',20,45),(1,'2013-12-15 19:46:31',20,46),(1,'2013-12-15 19:48:32',20,46),(1,'2013-12-15 19:50:32',20,46),(1,'2013-12-15 19:52:37',20,46),(1,'2013-12-15 19:54:37',20,45),(1,'2013-12-15 19:56:38',20,46),(1,'2013-12-15 19:58:39',20,46),(1,'2013-12-15 20:00:43',20,46),(1,'2013-12-15 20:02:44',20,46),(1,'2013-12-15 20:04:44',20,46),(1,'2013-12-15 20:06:45',20,46),(1,'2013-12-15 20:08:49',20,46),(1,'2013-12-15 20:10:50',20,46),(1,'2013-12-15 20:12:58',20,46),(1,'2013-12-15 20:15:02',20,46),(1,'2013-12-15 20:17:03',20,46),(1,'2013-12-15 20:19:03',20,46),(1,'2013-12-15 20:21:08',20,46),(1,'2013-12-15 20:23:08',20,46),(1,'2013-12-15 20:25:09',20,46),(1,'2013-12-15 20:27:10',20,46),(1,'2013-12-15 20:29:10',20,46),(1,'2013-12-15 20:31:11',20,46),(1,'2013-12-15 20:33:12',20,46),(1,'2013-12-15 20:35:12',20,46),(1,'2013-12-15 20:37:13',20,46),(1,'2013-12-15 20:39:14',20,47),(1,'2013-12-15 20:41:14',20,46),(1,'2013-12-15 20:43:15',20,46),(1,'2013-12-15 20:45:16',20,46),(1,'2013-12-15 20:47:16',20,46),(1,'2013-12-15 20:49:21',20,46),(1,'2013-12-15 20:51:25',20,46),(1,'2013-12-15 20:53:26',20,45),(1,'2013-12-15 20:55:33',20,45),(1,'2013-12-15 20:57:34',20,46),(1,'2013-12-15 20:59:35',20,46),(1,'2013-12-15 21:01:35',20,46),(1,'2013-12-15 21:03:36',20,46),(1,'2013-12-15 21:05:40',20,46),(1,'2013-12-15 21:07:41',20,46),(1,'2013-12-15 21:09:42',20,46),(1,'2013-12-15 21:11:42',20,46),(1,'2013-12-15 21:13:43',20,46),(1,'2013-12-15 21:15:44',20,47),(1,'2013-12-15 21:17:44',20,46),(1,'2013-12-15 21:19:45',20,46),(1,'2013-12-15 21:21:46',20,46),(1,'2013-12-15 21:23:50',20,46),(1,'2013-12-15 21:25:51',20,46),(1,'2013-12-15 21:27:51',20,46),(1,'2013-12-15 21:29:52',20,46),(1,'2013-12-15 21:31:53',20,46),(1,'2013-12-15 21:33:57',20,46),(1,'2013-12-15 21:35:58',20,46),(1,'2013-12-15 21:38:02',20,46),(1,'2013-12-15 21:40:10',20,46),(1,'2013-12-15 21:42:10',20,46),(1,'2013-12-15 21:44:11',20,46),(1,'2013-12-15 21:46:12',20,47),(1,'2013-12-15 21:48:16',20,46),(1,'2013-12-15 21:50:20',20,46),(1,'2013-12-15 21:52:21',20,46),(1,'2013-12-15 21:54:22',20,46),(1,'2013-12-15 21:56:22',20,46),(1,'2013-12-15 21:58:23',20,46),(1,'2013-12-15 22:00:24',20,46),(1,'2013-12-15 22:02:24',20,46),(1,'2013-12-15 22:04:25',20,45),(1,'2013-12-15 22:06:26',20,46),(1,'2013-12-15 22:08:26',20,46),(1,'2013-12-15 22:10:27',20,46),(1,'2013-12-15 22:12:28',20,46),(1,'2013-12-15 22:14:28',20,46),(1,'2013-12-15 22:16:29',20,46),(1,'2013-12-15 22:18:33',20,46),(1,'2013-12-15 22:20:34',20,46),(1,'2013-12-15 22:22:35',20,46),(1,'2013-12-15 22:24:35',20,46),(1,'2013-12-15 22:26:40',20,46),(1,'2013-12-15 22:28:40',20,46),(1,'2013-12-15 22:30:41',20,46),(1,'2013-12-15 22:32:42',20,46),(1,'2013-12-15 22:34:42',20,46),(1,'2013-12-15 22:36:43',20,46),(1,'2013-12-15 22:38:44',20,46),(1,'2013-12-15 22:40:44',20,46),(1,'2013-12-15 22:42:45',20,46),(1,'2013-12-15 22:44:46',20,46),(1,'2013-12-15 22:46:46',20,46),(1,'2013-12-15 22:48:47',20,46),(1,'2013-12-15 22:50:48',20,46),(1,'2013-12-15 22:52:49',20,45),(1,'2013-12-15 22:54:49',20,46),(1,'2013-12-15 22:56:53',20,46),(1,'2013-12-15 22:58:54',20,46),(1,'2013-12-15 23:00:58',20,46),(1,'2013-12-15 23:02:59',20,45),(1,'2013-12-15 23:05:00',20,46),(1,'2013-12-15 23:07:00',20,45),(1,'2013-12-15 23:09:05',20,46),(1,'2013-12-15 23:11:09',20,46),(1,'2013-12-15 23:13:10',20,45),(1,'2013-12-15 23:15:10',20,46),(1,'2013-12-15 23:17:11',20,46),(1,'2013-12-15 23:19:12',20,46),(1,'2013-12-15 23:21:12',20,46),(1,'2013-12-15 23:23:13',20,46),(1,'2013-12-15 23:25:14',20,46),(1,'2013-12-15 23:27:14',20,46),(1,'2013-12-15 23:29:15',20,46),(1,'2013-12-15 23:31:19',20,46),(1,'2013-12-15 23:33:20',20,45),(1,'2013-12-15 23:35:21',20,45),(1,'2013-12-15 23:37:21',20,46),(1,'2013-12-15 23:39:22',20,46),(1,'2013-12-15 23:41:23',20,46),(1,'2013-12-15 23:43:23',20,46),(1,'2013-12-15 23:45:24',20,46),(1,'2013-12-15 23:47:28',20,46),(1,'2013-12-15 23:49:29',20,46),(1,'2013-12-15 23:51:30',20,46),(1,'2013-12-15 23:53:34',20,46),(1,'2013-12-15 23:55:35',20,46),(1,'2013-12-15 23:57:35',20,46),(1,'2013-12-15 23:59:37',20,46),(1,'2013-12-16 00:01:38',20,46),(1,'2013-12-16 00:03:39',20,46),(1,'2013-12-16 00:05:39',20,45),(1,'2013-12-16 00:07:40',20,46),(1,'2013-12-16 00:09:41',20,46),(1,'2013-12-16 00:11:41',20,46),(1,'2013-12-16 00:13:42',20,46),(1,'2013-12-16 00:15:46',20,45),(1,'2013-12-16 00:17:47',20,46),(1,'2013-12-16 00:19:48',20,46),(1,'2013-12-16 00:21:48',20,46),(1,'2013-12-16 00:23:49',20,46),(1,'2013-12-16 00:25:50',20,46),(1,'2013-12-16 00:27:50',20,46),(1,'2013-12-16 00:29:55',20,46),(1,'2013-12-16 00:31:55',20,45),(1,'2013-12-16 00:33:56',20,46),(1,'2013-12-16 00:36:07',20,45),(1,'2013-12-16 00:38:08',19,46),(1,'2013-12-16 00:40:09',20,46),(1,'2013-12-16 00:42:09',19,46),(1,'2013-12-16 00:44:10',19,46),(1,'2013-12-16 00:46:11',20,45),(1,'2013-12-16 00:48:12',20,46),(1,'2013-12-16 00:50:13',19,46),(1,'2013-12-16 00:52:13',20,46),(1,'2013-12-16 00:54:14',20,46),(1,'2013-12-16 00:56:15',20,45),(1,'2013-12-16 00:58:15',20,46),(1,'2013-12-16 01:00:16',20,46),(1,'2013-12-16 01:02:20',20,45),(1,'2013-12-16 01:04:21',20,45),(1,'2013-12-16 01:06:22',20,46),(1,'2013-12-16 01:08:30',20,45),(1,'2013-12-16 01:10:34',20,45),(1,'2013-12-16 01:12:34',20,45),(1,'2013-12-16 01:14:39',20,46),(1,'2013-12-16 01:16:39',19,46),(1,'2013-12-16 01:18:44',19,46),(1,'2013-12-16 01:20:44',19,45),(1,'2013-12-16 01:22:45',20,46),(1,'2013-12-16 01:24:49',20,46),(1,'2013-12-16 01:26:50',19,45),(1,'2013-12-16 01:28:51',20,45),(1,'2013-12-16 01:30:55',19,46),(1,'2013-12-16 01:32:56',19,46),(1,'2013-12-16 01:34:56',19,45),(1,'2013-12-16 01:37:00',20,46),(1,'2013-12-16 01:39:01',20,45),(1,'2013-12-16 01:41:02',20,46),(1,'2013-12-16 01:43:03',20,46),(1,'2013-12-16 01:45:07',19,45),(1,'2013-12-16 01:47:07',20,46),(1,'2013-12-16 01:49:08',19,46),(1,'2013-12-16 01:51:09',19,46),(1,'2013-12-16 01:53:09',20,45),(1,'2013-12-16 01:55:10',20,46),(1,'2013-12-16 01:57:11',20,45),(1,'2013-12-16 01:59:12',20,45),(1,'2013-12-16 02:01:12',19,46),(1,'2013-12-16 02:03:13',19,45),(1,'2013-12-16 02:05:14',19,46),(1,'2013-12-16 02:07:14',20,46),(1,'2013-12-16 02:09:15',19,45),(1,'2013-12-16 02:11:16',20,45),(1,'2013-12-16 02:13:16',19,46),(1,'2013-12-16 02:15:17',19,45),(1,'2013-12-16 02:17:18',19,45),(1,'2013-12-16 02:19:18',20,46),(1,'2013-12-16 02:21:19',19,45),(1,'2013-12-16 02:23:20',19,46),(1,'2013-12-16 02:25:20',19,46),(1,'2013-12-16 02:27:21',19,45),(1,'2013-12-16 02:29:22',19,46),(1,'2013-12-16 02:31:26',19,46),(1,'2013-12-16 02:33:27',19,46),(1,'2013-12-16 02:35:27',19,46),(1,'2013-12-16 02:37:32',19,45),(1,'2013-12-16 02:39:32',19,46),(1,'2013-12-16 02:41:40',19,45),(1,'2013-12-16 02:43:44',20,45),(1,'2013-12-16 02:45:49',20,46),(1,'2013-12-16 02:47:49',19,46),(1,'2013-12-16 02:49:54',19,45),(1,'2013-12-16 02:51:58',19,46),(1,'2013-12-16 02:53:59',19,46),(1,'2013-12-16 02:56:03',19,45),(1,'2013-12-16 02:58:03',19,46),(1,'2013-12-16 03:00:04',19,45),(1,'2013-12-16 03:02:05',19,45),(1,'2013-12-16 03:04:06',19,46),(1,'2013-12-16 03:06:10',19,46),(1,'2013-12-16 03:08:14',19,45),(1,'2013-12-16 03:10:15',19,45),(1,'2013-12-16 03:12:15',19,46),(1,'2013-12-16 03:14:16',20,46),(1,'2013-12-16 03:16:17',19,45),(1,'2013-12-16 03:18:18',19,45),(1,'2013-12-16 03:20:19',20,45),(1,'2013-12-16 03:22:19',19,45),(1,'2013-12-16 03:24:20',19,45),(1,'2013-12-16 03:26:21',19,46),(1,'2013-12-16 03:28:22',19,46),(1,'2013-12-16 03:30:22',19,46),(1,'2013-12-16 03:32:26',19,46),(1,'2013-12-16 03:34:31',19,45),(1,'2013-12-16 03:36:31',19,45),(1,'2013-12-16 03:38:32',19,46),(1,'2013-12-16 03:40:33',19,46),(1,'2013-12-16 03:42:41',19,45),(1,'2013-12-16 03:44:45',19,45),(1,'2013-12-16 03:46:53',19,46),(1,'2013-12-16 03:48:53',19,45),(1,'2013-12-16 03:51:05',19,46),(1,'2013-12-16 03:53:05',19,45),(1,'2013-12-16 03:55:06',19,46),(1,'2013-12-16 03:57:10',19,46),(1,'2013-12-16 03:59:11',19,46),(1,'2013-12-16 04:01:12',19,45),(1,'2013-12-16 04:03:12',19,45),(1,'2013-12-16 04:05:13',19,45),(1,'2013-12-16 04:07:14',19,45),(1,'2013-12-16 04:09:14',19,46),(1,'2013-12-16 04:11:22',19,45),(1,'2013-12-16 04:13:23',19,45),(1,'2013-12-16 04:15:24',19,46),(1,'2013-12-16 04:17:24',19,46),(1,'2013-12-16 04:19:25',19,46),(1,'2013-12-16 04:21:29',19,46),(1,'2013-12-16 04:23:30',19,45),(1,'2013-12-16 04:25:30',19,46),(1,'2013-12-16 04:27:31',19,46),(1,'2013-12-16 04:29:32',19,46),(1,'2013-12-16 04:31:36',19,45),(1,'2013-12-16 04:33:37',19,45),(1,'2013-12-16 04:35:37',19,45),(1,'2013-12-16 04:37:38',19,45),(1,'2013-12-16 04:39:39',19,45),(1,'2013-12-16 04:41:39',19,45),(1,'2013-12-16 04:43:40',19,45),(1,'2013-12-16 04:45:41',19,46),(1,'2013-12-16 04:47:45',19,45),(1,'2013-12-16 04:49:46',19,45),(1,'2013-12-16 04:51:50',19,45),(1,'2013-12-16 04:53:51',19,45),(1,'2013-12-16 04:55:52',19,45),(1,'2013-12-16 04:57:53',19,45),(1,'2013-12-16 04:59:54',19,45),(1,'2013-12-16 05:01:55',19,45),(1,'2013-12-16 05:03:55',19,46),(1,'2013-12-16 05:05:56',19,45),(1,'2013-12-16 05:07:57',19,45),(1,'2013-12-16 05:09:57',19,45),(1,'2013-12-16 05:11:58',19,46),(1,'2013-12-16 05:13:59',19,46),(1,'2013-12-16 05:15:59',19,45),(1,'2013-12-16 05:18:00',19,45),(1,'2013-12-16 05:20:04',19,45),(1,'2013-12-16 05:22:05',19,45),(1,'2013-12-16 05:24:06',19,45),(1,'2013-12-16 05:26:06',19,45),(1,'2013-12-16 05:28:07',19,45),(1,'2013-12-16 05:30:08',19,46),(1,'2013-12-16 05:32:08',19,46),(1,'2013-12-16 05:34:09',19,46),(1,'2013-12-16 05:36:13',19,45),(1,'2013-12-16 05:38:25',19,46),(1,'2013-12-16 05:40:26',19,45),(1,'2013-12-16 05:42:27',19,45),(1,'2013-12-16 05:44:27',19,46),(1,'2013-12-16 05:46:28',19,45),(1,'2013-12-16 05:48:29',19,45),(1,'2013-12-16 05:50:29',19,45),(1,'2013-12-16 05:52:30',19,46),(1,'2013-12-16 05:54:31',19,46),(1,'2013-12-16 05:56:31',19,45),(1,'2013-12-16 05:58:32',19,45),(1,'2013-12-16 06:00:33',19,45),(1,'2013-12-16 06:02:33',19,45),(1,'2013-12-16 06:04:34',19,45),(1,'2013-12-16 06:06:35',19,45),(1,'2013-12-16 06:08:36',19,45),(1,'2013-12-16 06:10:36',19,45),(1,'2013-12-16 06:12:37',19,45),(1,'2013-12-16 06:14:38',19,45),(1,'2013-12-16 06:16:38',19,45),(1,'2013-12-16 06:18:39',19,46),(1,'2013-12-16 06:20:40',19,45),(1,'2013-12-16 06:22:44',19,45),(1,'2013-12-16 06:24:45',19,45),(1,'2013-12-16 06:26:45',19,45),(1,'2013-12-16 06:28:46',19,45),(1,'2013-12-16 06:30:50',19,45),(1,'2013-12-16 06:32:51',19,45),(1,'2013-12-16 06:34:52',19,46),(1,'2013-12-16 06:36:52',19,45),(1,'2013-12-16 06:38:53',19,45),(1,'2013-12-16 06:40:57',19,46),(1,'2013-12-16 06:43:01',20,45),(1,'2013-12-16 06:45:02',19,45),(1,'2013-12-16 06:47:03',19,46),(1,'2013-12-16 06:49:07',20,46),(1,'2013-12-16 06:51:08',20,45),(1,'2013-12-16 06:53:08',20,46),(1,'2013-12-16 06:55:09',20,46),(1,'2013-12-16 06:57:10',20,46),(1,'2013-12-16 06:59:10',20,45),(1,'2013-12-16 07:01:15',20,45),(1,'2013-12-16 07:03:15',20,45),(1,'2013-12-16 07:05:16',20,45),(1,'2013-12-16 07:07:18',20,45),(1,'2013-12-16 07:09:19',20,45),(1,'2013-12-16 07:11:19',20,45),(1,'2013-12-16 07:13:23',20,46),(1,'2013-12-16 07:15:24',20,45),(1,'2013-12-16 07:17:28',20,45),(1,'2013-12-16 07:19:29',20,45),(1,'2013-12-16 07:21:30',20,46),(1,'2013-12-16 07:23:30',20,46),(1,'2013-12-16 07:25:31',20,46),(1,'2013-12-16 07:27:35',20,46),(1,'2013-12-16 07:29:36',20,45),(1,'2013-12-16 07:31:37',20,46),(1,'2013-12-16 07:33:41',20,46),(1,'2013-12-16 07:35:42',20,46),(1,'2013-12-16 07:37:42',20,46),(1,'2013-12-16 07:39:47',20,46),(1,'2013-12-16 07:41:47',20,46),(1,'2013-12-16 07:43:48',20,46),(1,'2013-12-16 07:45:52',20,46),(1,'2013-12-16 07:47:53',20,46),(1,'2013-12-16 07:49:54',20,47),(1,'2013-12-16 07:51:54',20,46),(1,'2013-12-16 07:54:02',20,45),(1,'2013-12-16 07:56:03',20,46),(1,'2013-12-16 07:58:03',20,46),(1,'2013-12-16 08:00:04',20,46),(1,'2013-12-16 08:02:05',19,46),(1,'2013-12-16 08:04:05',20,46),(1,'2013-12-16 08:06:06',20,46),(1,'2013-12-16 08:08:07',20,46),(1,'2013-12-16 08:10:11',20,46),(1,'2013-12-16 08:12:15',20,46),(1,'2013-12-16 08:14:16',20,46),(1,'2013-12-16 08:16:17',20,46),(1,'2013-12-16 08:18:17',20,46),(1,'2013-12-16 08:20:18',20,46),(1,'2013-12-16 08:22:19',20,46),(1,'2013-12-16 08:24:23',20,46),(1,'2013-12-16 08:26:24',20,46),(1,'2013-12-16 08:28:24',20,46),(1,'2013-12-16 08:30:25',19,46),(1,'2013-12-16 08:32:26',19,46),(1,'2013-12-16 08:34:26',20,46),(1,'2013-12-16 08:36:27',20,46),(1,'2013-12-16 08:38:28',20,46),(1,'2013-12-16 08:40:35',19,46),(1,'2013-12-16 08:42:36',19,46),(1,'2013-12-16 08:44:40',19,46),(1,'2013-12-16 08:46:41',19,46),(1,'2013-12-16 08:48:42',19,46),(1,'2013-12-16 08:50:42',20,46),(1,'2013-12-16 08:52:47',19,46),(1,'2013-12-16 08:54:47',19,46),(1,'2013-12-16 08:56:48',19,46),(1,'2013-12-16 08:58:49',19,46),(1,'2013-12-16 09:00:49',19,46),(1,'2013-12-16 09:02:54',19,46),(1,'2013-12-16 09:04:54',19,46),(1,'2013-12-16 09:06:55',19,47),(1,'2013-12-16 09:08:56',19,46),(1,'2013-12-16 09:10:56',19,47),(1,'2013-12-16 09:12:57',19,46),(1,'2013-12-16 09:15:01',19,47),(1,'2013-12-16 09:17:02',19,46),(1,'2013-12-16 09:19:06',19,46),(1,'2013-12-16 09:21:07',19,46),(1,'2013-12-16 09:23:08',19,46),(1,'2013-12-16 09:25:08',19,46),(1,'2013-12-16 09:27:09',20,46),(1,'2013-12-16 09:29:18',19,46),(1,'2013-12-16 09:31:19',19,46),(1,'2013-12-16 09:33:19',19,46),(1,'2013-12-16 09:35:20',19,46),(1,'2013-12-16 09:37:21',19,46),(1,'2013-12-16 09:39:25',19,46),(1,'2013-12-16 09:41:26',19,46),(1,'2013-12-16 09:43:30',19,46),(1,'2013-12-16 09:45:31',19,46),(1,'2013-12-16 09:47:32',19,47),(1,'2013-12-16 09:49:33',19,46),(1,'2013-12-16 09:51:33',19,46),(1,'2013-12-16 09:53:34',19,46),(1,'2013-12-16 09:55:38',19,47),(1,'2013-12-16 09:57:39',19,46),(1,'2013-12-16 09:59:40',19,47),(1,'2013-12-16 10:01:40',18,48),(1,'2013-12-16 10:03:41',19,46),(1,'2013-12-16 10:05:45',19,46),(1,'2013-12-16 10:07:46',19,45),(1,'2013-12-16 10:09:47',19,46),(1,'2013-12-16 10:11:47',19,46),(1,'2013-12-16 10:13:48',19,46),(1,'2013-12-16 10:15:49',19,45),(1,'2013-12-16 10:17:49',19,46),(1,'2013-12-16 10:19:50',19,46),(1,'2013-12-16 10:21:51',19,46),(1,'2013-12-16 10:23:51',19,46),(1,'2013-12-16 10:25:52',19,47),(1,'2013-12-16 10:27:53',19,46),(1,'2013-12-16 10:29:53',19,46),(1,'2013-12-16 10:31:54',19,46),(1,'2013-12-16 10:33:55',19,46),(1,'2013-12-16 10:35:59',19,46),(1,'2013-12-16 10:38:00',19,46),(1,'2013-12-16 10:40:00',19,46),(1,'2013-12-16 10:42:01',19,46),(1,'2013-12-16 10:44:01',19,46),(1,'2013-12-16 10:46:02',19,46),(1,'2013-12-16 10:48:03',19,46),(1,'2013-12-16 10:50:03',19,46),(1,'2013-12-16 10:52:04',19,46),(1,'2013-12-16 10:54:05',19,46),(1,'2013-12-16 10:56:05',19,46),(1,'2013-12-16 10:58:13',19,46),(1,'2013-12-16 11:00:24',19,46),(1,'2013-12-16 11:02:29',19,46),(1,'2013-12-16 11:04:29',19,46),(1,'2013-12-16 11:06:30',19,46),(1,'2013-12-16 11:08:31',19,46),(1,'2013-12-16 11:10:35',20,46),(1,'2013-12-16 11:12:35',19,46),(1,'2013-12-16 11:14:36',20,47),(1,'2013-12-16 11:16:37',20,46),(1,'2013-12-16 11:18:37',20,46),(1,'2013-12-16 11:20:38',20,46),(1,'2013-12-16 11:22:39',20,46),(1,'2013-12-16 11:24:43',20,46),(1,'2013-12-16 11:26:43',19,46),(1,'2013-12-16 11:28:48',20,46),(1,'2013-12-16 11:30:48',20,46),(1,'2013-12-16 11:32:49',20,46),(1,'2013-12-16 11:34:53',20,46),(1,'2013-12-16 11:36:57',19,46),(1,'2013-12-16 11:39:05',20,46),(1,'2013-12-16 11:41:06',19,46),(1,'2013-12-16 11:43:06',20,46),(1,'2013-12-16 11:45:07',20,46),(1,'2013-12-16 11:47:08',20,46),(1,'2013-12-16 11:49:08',20,46),(1,'2013-12-16 11:51:09',20,46),(1,'2013-12-16 11:53:13',20,46),(1,'2013-12-16 11:55:14',20,46),(1,'2013-12-16 11:57:15',20,46),(1,'2013-12-16 11:59:16',20,46),(1,'2013-12-16 12:01:16',20,46),(1,'2013-12-16 12:03:17',20,46),(1,'2013-12-16 12:05:18',20,46),(1,'2013-12-16 12:07:18',19,46),(1,'2013-12-16 12:09:30',19,46),(1,'2013-12-16 12:11:34',19,46),(1,'2013-12-16 12:13:34',19,46),(1,'2013-12-16 12:15:35',19,46),(1,'2013-12-16 12:17:36',19,47),(1,'2013-12-16 12:19:36',19,46),(1,'2013-12-16 12:21:37',19,45),(1,'2013-12-16 12:23:38',19,46),(1,'2013-12-16 12:25:42',19,46),(1,'2013-12-16 12:27:43',19,46),(1,'2013-12-16 12:29:43',19,46),(1,'2013-12-16 12:31:44',19,46),(1,'2013-12-16 12:33:45',19,46),(1,'2013-12-16 12:35:45',19,46),(1,'2013-12-16 12:37:46',19,46),(1,'2013-12-16 12:39:47',19,47),(1,'2013-12-16 12:41:47',19,46),(1,'2013-12-16 12:43:51',19,46),(1,'2013-12-16 12:45:52',19,46),(1,'2013-12-16 12:47:53',19,46),(1,'2013-12-16 12:49:53',19,46),(1,'2013-12-16 12:51:57',19,45),(1,'2013-12-16 12:53:58',19,46),(1,'2013-12-16 12:55:59',19,46),(1,'2013-12-16 12:57:59',19,46),(1,'2013-12-16 13:00:00',19,46),(1,'2013-12-16 13:02:15',20,46),(1,'2013-12-16 13:04:16',19,46),(1,'2013-12-16 13:06:16',20,46),(1,'2013-12-16 13:08:17',20,46),(1,'2013-12-16 13:10:21',20,46),(1,'2013-12-16 13:12:22',20,46),(1,'2013-12-16 13:14:22',19,46),(1,'2013-12-16 13:16:23',20,46),(1,'2013-12-16 13:18:24',20,46),(1,'2013-12-16 13:20:28',19,46),(1,'2013-12-16 13:22:28',20,46),(1,'2013-12-16 13:24:29',19,46),(1,'2013-12-16 13:26:33',20,46),(1,'2013-12-16 13:28:34',20,45),(1,'2013-12-16 13:30:35',19,46),(1,'2013-12-16 13:32:35',20,46),(1,'2013-12-16 13:34:36',20,46),(1,'2013-12-16 13:36:37',20,46),(1,'2013-12-16 13:38:37',20,46),(1,'2013-12-16 13:40:38',20,46),(1,'2013-12-16 13:42:39',20,46),(1,'2013-12-16 13:44:39',20,46),(1,'2013-12-16 13:46:40',20,46),(1,'2013-12-16 13:48:41',19,46),(1,'2013-12-16 13:50:41',20,46),(1,'2013-12-16 13:52:45',20,46),(1,'2013-12-16 13:54:46',20,46),(1,'2013-12-16 13:56:47',20,47),(1,'2013-12-16 13:58:51',20,46),(1,'2013-12-16 14:00:52',20,46),(1,'2013-12-16 14:02:52',20,46),(1,'2013-12-16 14:04:53',20,46),(1,'2013-12-16 14:06:53',20,46),(1,'2013-12-16 14:08:58',20,46),(1,'2013-12-16 14:10:58',20,46),(1,'2013-12-16 14:13:03',20,46),(1,'2013-12-16 14:15:03',20,46),(1,'2013-12-16 14:17:07',20,46),(1,'2013-12-16 14:19:15',20,45),(1,'2013-12-16 14:21:19',20,46),(1,'2013-12-16 14:23:21',20,46),(1,'2013-12-16 14:25:25',20,46),(1,'2013-12-16 14:27:26',20,46),(1,'2013-12-16 14:29:27',20,46),(1,'2013-12-16 14:31:31',19,46),(1,'2013-12-16 14:33:31',20,45),(1,'2013-12-16 14:35:36',20,46),(1,'2013-12-16 14:37:36',20,46),(1,'2013-12-16 14:39:37',19,46),(1,'2013-12-16 14:41:38',20,46),(1,'2013-12-16 14:43:42',19,47),(1,'2013-12-16 14:45:42',20,46),(1,'2013-12-16 14:47:47',20,47),(1,'2013-12-16 14:49:47',19,46),(1,'2013-12-16 14:51:48',19,46),(1,'2013-12-16 14:53:48',19,46),(1,'2013-12-16 14:55:49',19,46),(1,'2013-12-16 14:57:50',19,46),(1,'2013-12-16 14:59:50',19,46),(1,'2013-12-16 15:01:58',19,46),(1,'2013-12-16 15:03:59',19,45),(1,'2013-12-16 15:05:59',19,46),(1,'2013-12-16 15:08:04',19,46),(1,'2013-12-16 15:10:04',19,46),(1,'2013-12-16 15:12:05',19,46),(1,'2013-12-16 15:14:13',19,46),(1,'2013-12-16 15:16:13',19,46),(1,'2013-12-16 15:18:17',19,46),(1,'2013-12-16 15:20:22',19,46),(1,'2013-12-16 15:22:26',19,46),(1,'2013-12-16 15:24:30',19,46),(1,'2013-12-16 15:26:31',19,46),(1,'2013-12-16 15:28:31',19,46),(1,'2013-12-16 15:30:35',19,46),(1,'2013-12-16 15:32:36',19,46),(1,'2013-12-16 15:34:47',19,46),(1,'2013-12-16 15:36:48',19,46),(1,'2013-12-16 15:38:49',19,46),(1,'2013-12-16 15:40:49',19,46),(1,'2013-12-16 15:42:50',19,46),(1,'2013-12-16 15:44:51',19,46),(1,'2013-12-16 15:46:51',20,46),(1,'2013-12-16 15:48:52',20,46),(1,'2013-12-16 15:50:53',20,46),(1,'2013-12-16 15:52:53',19,47),(1,'2013-12-16 15:54:57',20,46),(1,'2013-12-16 15:56:58',20,46),(1,'2013-12-16 15:58:59',20,46),(1,'2013-12-16 16:00:59',19,46),(1,'2013-12-16 16:03:00',19,46),(1,'2013-12-16 16:05:01',19,46),(1,'2013-12-16 16:07:01',19,46),(1,'2013-12-16 16:09:02',20,46),(1,'2013-12-16 16:11:03',20,46),(1,'2013-12-16 16:13:10',20,47),(1,'2013-12-16 16:15:11',20,46),(1,'2013-12-16 16:17:15',20,46),(1,'2013-12-16 16:19:19',20,46),(1,'2013-12-16 16:21:20',20,46),(1,'2013-12-16 16:23:21',20,46),(1,'2013-12-16 16:25:21',20,46),(1,'2013-12-16 16:27:22',19,46),(1,'2013-12-16 16:29:23',20,46),(1,'2013-12-16 16:31:27',20,46),(1,'2013-12-16 16:33:27',20,46),(1,'2013-12-16 16:35:28',20,46),(1,'2013-12-16 16:37:29',20,47),(1,'2013-12-16 16:39:29',19,46),(1,'2013-12-16 16:41:30',20,46),(1,'2013-12-16 16:43:31',20,47),(1,'2013-12-16 16:45:31',20,46),(1,'2013-12-16 16:47:35',20,46),(1,'2013-12-16 16:49:36',20,46),(1,'2013-12-16 16:51:37',20,46),(1,'2013-12-16 16:53:41',20,46),(1,'2013-12-16 16:55:45',20,46),(1,'2013-12-16 16:57:49',20,46),(1,'2013-12-16 16:59:50',20,46),(1,'2013-12-16 17:01:51',20,46),(1,'2013-12-16 17:03:55',20,46),(1,'2013-12-16 17:05:56',20,46),(1,'2013-12-16 17:07:56',20,46),(1,'2013-12-16 17:09:57',20,47),(1,'2013-12-16 17:11:57',20,47),(1,'2013-12-16 17:14:02',20,47),(1,'2013-12-16 17:16:02',19,46),(1,'2013-12-16 17:18:03',20,47),(1,'2013-12-16 17:20:04',20,47),(1,'2013-12-16 17:22:08',20,47),(1,'2013-12-16 17:24:08',20,46),(1,'2013-12-16 17:26:09',20,47),(1,'2013-12-16 17:28:10',20,46),(1,'2013-12-16 17:30:10',20,47),(1,'2013-12-16 17:32:15',20,47),(1,'2013-12-16 17:34:19',20,46),(1,'2013-12-16 17:36:19',20,46),(1,'2013-12-16 17:38:20',20,46),(1,'2013-12-16 17:40:21',20,47),(1,'2013-12-16 17:42:25',20,47),(1,'2013-12-16 17:44:26',20,46),(1,'2013-12-16 17:46:26',20,46),(1,'2013-12-16 17:48:30',20,46),(1,'2013-12-16 17:50:31',20,47),(1,'2013-12-16 17:52:32',20,47),(1,'2013-12-16 17:54:32',20,47),(1,'2013-12-16 17:56:37',20,46),(1,'2013-12-16 17:58:37',20,47),(1,'2013-12-16 18:00:41',20,46),(1,'2013-12-16 18:02:42',20,46),(1,'2013-12-16 18:04:43',20,47),(1,'2013-12-16 18:06:47',20,46),(1,'2013-12-16 18:08:48',20,46),(1,'2013-12-16 18:10:48',20,46),(1,'2013-12-16 18:12:49',20,47),(1,'2013-12-16 18:14:50',20,46),(1,'2013-12-16 18:16:50',20,46),(1,'2013-12-16 18:18:51',20,46),(1,'2013-12-16 18:20:52',20,46),(1,'2013-12-16 18:22:52',20,46),(1,'2013-12-16 18:24:53',20,46),(1,'2013-12-16 18:26:54',20,46),(1,'2013-12-16 18:28:54',20,46),(1,'2013-12-16 18:30:58',20,47),(1,'2013-12-16 18:32:59',20,46),(1,'2013-12-16 18:35:03',20,46),(1,'2013-12-16 18:37:04',20,46),(1,'2013-12-16 18:39:12',20,46),(1,'2013-12-16 18:41:16',20,46),(1,'2013-12-16 18:43:16',20,46),(1,'2013-12-16 18:45:17',20,47),(1,'2013-12-16 18:47:18',20,47),(1,'2013-12-16 18:49:18',20,47),(1,'2013-12-16 18:51:19',20,47),(1,'2013-12-16 18:53:20',20,47),(1,'2013-12-16 18:55:24',20,46),(1,'2013-12-16 18:55:55',20,46),(1,'2013-12-16 18:57:56',20,46),(1,'2013-12-16 18:59:57',20,46),(1,'2013-12-16 19:01:58',21,45),(1,'2013-12-16 19:04:00',21,45),(1,'2013-12-16 19:06:01',20,46),(1,'2013-12-16 19:08:01',21,45),(1,'2013-12-16 19:10:02',20,46),(1,'2013-12-16 19:12:03',20,46),(1,'2013-12-16 19:14:03',21,45),(1,'2013-12-16 19:16:04',20,46),(1,'2013-12-16 19:18:05',21,45),(1,'2013-12-16 19:20:05',21,45),(1,'2013-12-16 19:22:06',20,46),(1,'2013-12-16 19:24:07',21,45),(1,'2013-12-16 19:26:08',20,47),(1,'2013-12-16 19:28:12',21,45),(1,'2013-12-16 19:30:13',21,45),(1,'2013-12-16 19:32:13',20,47),(1,'2013-12-16 19:34:14',20,46),(1,'2013-12-16 19:36:15',21,45),(1,'2013-12-16 19:38:19',21,45),(1,'2013-12-16 19:40:20',21,45),(1,'2013-12-16 19:42:24',20,46),(1,'2013-12-16 19:44:24',20,46),(1,'2013-12-16 19:46:29',20,46),(1,'2013-12-16 19:48:29',20,46),(1,'2013-12-16 19:50:30',20,46),(1,'2013-12-16 19:52:31',20,46),(1,'2013-12-16 19:54:31',20,46),(1,'2013-12-16 19:56:36',20,46),(1,'2013-12-16 19:58:36',20,46),(1,'2013-12-16 20:00:37',20,46),(1,'2013-12-16 20:02:38',20,46),(1,'2013-12-16 20:04:38',21,45),(1,'2013-12-16 20:05:29',20,46),(1,'2013-12-16 20:07:29',21,45),(1,'2013-12-16 20:09:30',21,45),(1,'2013-12-17 13:26:00',19,46),(1,'2013-12-17 13:28:06',19,46),(1,'2013-12-17 13:30:06',18,47),(1,'2013-12-17 13:32:07',19,46),(1,'2013-12-17 13:34:08',18,47),(1,'2013-12-17 13:36:08',18,47),(1,'2013-12-17 13:38:09',19,46),(1,'2013-12-17 13:40:10',19,46),(1,'2013-12-17 13:48:26',19,46),(1,'2013-12-17 13:49:19',19,47),(1,'2013-12-17 13:49:25',18,48),(1,'2013-12-17 14:01:08',19,47),(1,'2013-12-17 14:04:02',18,48),(1,'2013-12-17 14:06:03',19,46),(1,'2013-12-17 14:08:03',19,46),(1,'2013-12-17 14:10:04',18,47),(1,'2013-12-17 14:12:05',18,47),(1,'2013-12-17 14:14:05',19,46),(1,'2013-12-17 14:16:06',19,47),(1,'2013-12-17 14:18:07',18,48),(1,'2013-12-17 14:20:07',19,46),(1,'2013-12-17 14:22:08',20,46),(1,'2013-12-17 14:24:09',20,47),(1,'2013-12-17 14:26:09',20,47),(1,'2013-12-17 14:28:10',20,46),(1,'2013-12-17 14:30:14',20,46),(1,'2013-12-17 14:32:19',20,46),(1,'2013-12-17 14:34:26',20,46),(1,'2013-12-17 14:36:27',20,46),(1,'2013-12-17 14:38:29',20,46),(1,'2013-12-17 14:40:30',20,46),(1,'2013-12-17 14:42:30',20,46),(1,'2013-12-17 14:44:31',20,46),(1,'2013-12-17 14:46:32',19,46),(1,'2013-12-17 14:48:32',19,46),(1,'2013-12-17 14:50:33',19,47),(1,'2013-12-17 14:52:37',18,47),(1,'2013-12-17 14:54:38',19,46),(1,'2013-12-17 14:56:39',19,46),(1,'2013-12-17 14:58:39',18,47),(1,'2013-12-17 15:00:40',18,47),(1,'2013-12-17 15:02:41',18,47),(1,'2013-12-17 15:04:45',19,46),(1,'2013-12-17 15:06:46',19,46),(1,'2013-12-17 15:08:46',18,47),(1,'2013-12-17 15:10:47',18,47),(1,'2013-12-17 15:12:48',18,47),(1,'2013-12-17 15:14:48',19,46),(1,'2013-12-17 15:16:56',19,46),(1,'2013-12-17 15:18:57',19,46),(1,'2013-12-17 15:21:08',19,46),(1,'2013-12-17 15:23:10',19,46),(1,'2013-12-17 15:25:11',18,47),(1,'2013-12-17 15:27:11',18,48),(1,'2013-12-17 15:29:12',18,47),(1,'2013-12-17 15:31:16',19,46),(1,'2013-12-17 15:33:21',18,47),(1,'2013-12-17 15:35:21',18,47),(1,'2013-12-17 15:37:33',18,47),(1,'2013-12-17 15:39:33',19,46),(1,'2013-12-17 15:41:34',19,46),(1,'2013-12-17 15:43:35',18,47),(1,'2013-12-17 15:45:39',18,48),(1,'2013-12-17 15:47:40',18,47),(1,'2013-12-17 15:49:40',18,47),(1,'2013-12-17 15:51:41',18,47),(1,'2013-12-17 15:53:42',18,47),(1,'2013-12-17 15:55:46',18,47),(1,'2013-12-17 15:57:46',18,47),(1,'2013-12-17 15:59:51',18,47),(1,'2013-12-17 16:01:51',18,48),(1,'2013-12-17 16:03:52',19,47),(1,'2013-12-17 16:05:53',19,46),(1,'2013-12-17 16:07:53',19,46),(1,'2013-12-17 16:09:54',19,46),(1,'2013-12-17 16:11:55',19,47),(1,'2013-12-17 16:13:56',19,46),(1,'2013-12-17 16:15:56',19,46),(1,'2013-12-17 16:17:57',19,46),(1,'2013-12-17 16:19:58',20,46),(1,'2013-12-17 16:21:58',20,46),(1,'2013-12-17 16:23:59',20,46),(1,'2013-12-17 16:26:00',20,46),(1,'2013-12-17 16:28:00',20,46),(1,'2013-12-17 16:30:01',20,46),(1,'2013-12-17 16:32:02',20,46),(1,'2013-12-17 16:34:02',20,46),(1,'2013-12-17 16:36:07',20,46),(1,'2013-12-17 16:38:07',20,46),(1,'2013-12-17 16:40:08',20,46),(1,'2013-12-17 16:42:09',20,46),(1,'2013-12-17 16:44:09',21,45),(1,'2013-12-17 16:46:10',21,45),(1,'2013-12-17 16:48:11',21,45),(1,'2013-12-17 16:50:11',20,46),(1,'2013-12-17 16:52:12',20,46),(1,'2013-12-17 16:54:13',20,46),(1,'2013-12-17 16:56:13',21,45),(1,'2013-12-17 16:58:14',21,45),(1,'2013-12-17 17:00:15',21,45),(1,'2013-12-17 17:02:15',21,45),(1,'2013-12-17 17:04:23',21,45),(1,'2013-12-17 17:06:24',21,45),(1,'2013-12-17 17:08:25',21,45),(1,'2013-12-17 17:10:25',21,45),(1,'2013-12-17 17:12:26',21,45),(1,'2013-12-17 17:14:27',21,45),(1,'2013-12-17 17:16:27',21,45),(1,'2013-12-17 17:18:28',21,45),(1,'2013-12-17 17:20:29',21,45),(1,'2013-12-17 17:22:33',21,46),(1,'2013-12-17 17:24:41',21,45),(1,'2013-12-17 17:26:41',21,45),(1,'2013-12-17 17:28:46',21,45),(1,'2013-12-17 17:30:46',21,45),(1,'2013-12-17 17:32:51',21,45),(1,'2013-12-17 17:34:51',21,45),(1,'2013-12-17 17:36:52',21,46),(1,'2013-12-17 17:38:53',21,45),(1,'2013-12-17 17:40:57',21,45),(1,'2013-12-17 17:42:58',21,45),(1,'2013-12-17 17:44:58',21,45),(1,'2013-12-17 17:46:59',21,45),(1,'2013-12-17 17:49:00',21,45),(1,'2013-12-17 17:51:01',21,46),(1,'2013-12-17 17:53:02',21,46),(1,'2013-12-17 17:55:02',21,45),(1,'2013-12-17 17:57:07',21,46),(1,'2013-12-17 17:59:07',21,45),(1,'2013-12-17 18:01:08',21,45),(1,'2013-12-17 18:03:09',21,46),(1,'2013-12-17 18:05:13',21,46),(1,'2013-12-17 18:07:17',21,45),(1,'2013-12-17 18:09:18',21,45),(1,'2013-12-17 18:11:18',21,46),(1,'2013-12-17 18:13:23',21,45),(1,'2013-12-17 18:15:23',20,46),(1,'2013-12-17 18:17:24',21,45),(1,'2013-12-17 18:19:25',21,46),(1,'2013-12-17 18:21:25',21,45),(1,'2013-12-17 18:23:30',21,46),(1,'2013-12-17 18:25:30',20,47),(1,'2013-12-17 18:27:35',21,46),(1,'2013-12-17 18:29:53',21,45),(1,'2013-12-17 18:31:54',21,45),(1,'2013-12-17 18:33:54',21,46),(1,'2013-12-17 18:35:55',21,46),(1,'2013-12-17 18:37:56',21,46),(1,'2013-12-17 18:39:56',21,45),(1,'2013-12-17 18:41:57',21,46),(1,'2013-12-17 18:43:58',21,46),(1,'2013-12-17 18:45:59',21,46),(1,'2013-12-17 18:48:03',21,46),(1,'2013-12-17 18:50:03',21,46),(1,'2013-12-17 18:52:04',21,46),(1,'2013-12-17 18:54:05',21,46),(1,'2013-12-17 18:56:05',22,46),(1,'2013-12-17 18:58:06',22,45),(1,'2013-12-17 19:00:10',22,45),(1,'2013-12-17 19:02:11',22,45),(1,'2013-12-17 19:04:12',22,45),(1,'2013-12-17 19:06:16',22,45),(1,'2013-12-17 19:08:20',22,45),(1,'2013-12-17 19:10:24',22,45),(1,'2013-12-17 19:12:25',22,45),(1,'2013-12-17 19:14:26',22,45),(1,'2013-12-17 19:16:30',22,45),(1,'2013-12-17 19:18:31',22,44),(1,'2013-12-17 19:20:39',22,44),(1,'2013-12-17 19:22:43',22,45),(1,'2013-12-17 19:24:45',22,45),(1,'2013-12-17 19:26:45',22,45),(1,'2013-12-17 19:28:46',22,45),(1,'2013-12-17 19:30:47',22,45),(1,'2013-12-17 19:32:47',22,45),(1,'2013-12-17 19:34:48',22,45),(1,'2013-12-17 19:36:49',22,45),(1,'2013-12-17 19:38:49',22,45),(1,'2013-12-17 19:40:54',22,45),(1,'2013-12-17 19:42:54',22,45),(1,'2013-12-17 19:44:55',22,45),(1,'2013-12-17 19:46:56',22,44),(1,'2013-12-17 19:48:56',22,45),(1,'2013-12-17 19:50:57',22,45),(1,'2013-12-17 19:53:01',22,45),(1,'2013-12-17 19:55:02',22,44),(1,'2013-12-17 19:57:03',22,45),(1,'2013-12-17 19:59:03',22,45),(1,'2013-12-17 20:01:04',22,45),(1,'2013-12-17 21:36:58',22,45),(1,'2013-12-17 21:38:59',22,45),(1,'2013-12-17 21:40:59',22,45),(1,'2013-12-17 21:43:00',22,45),(1,'2013-12-17 21:45:04',22,45),(1,'2013-12-17 21:47:05',22,45),(1,'2013-12-17 21:49:06',22,45),(1,'2013-12-17 21:51:06',22,45),(1,'2013-12-17 21:53:07',22,45),(1,'2013-12-17 21:55:11',22,45),(1,'2013-12-17 21:57:12',22,45),(1,'2013-12-17 21:59:13',22,45),(1,'2013-12-17 22:01:13',22,45),(1,'2013-12-17 22:03:21',22,45),(1,'2013-12-17 22:05:22',22,45),(1,'2013-12-17 22:07:22',22,44),(1,'2013-12-17 22:09:23',22,46),(1,'2013-12-17 22:11:24',22,45),(1,'2013-12-17 22:13:25',22,45),(1,'2013-12-17 22:15:25',22,45),(1,'2013-12-17 22:17:26',22,45),(1,'2013-12-17 22:19:27',22,45),(1,'2013-12-17 22:21:27',22,44),(1,'2013-12-17 22:23:35',22,45),(1,'2013-12-17 22:25:36',22,45),(1,'2013-12-17 22:27:36',22,45),(1,'2013-12-17 22:29:37',22,44),(1,'2013-12-17 22:31:38',22,45),(1,'2013-12-17 22:33:42',22,45),(1,'2013-12-17 22:35:43',22,44),(1,'2013-12-17 22:37:43',22,45),(1,'2013-12-17 22:39:44',22,45),(1,'2013-12-17 22:41:45',22,45),(1,'2013-12-17 22:43:45',22,45),(1,'2013-12-17 22:45:50',22,45),(1,'2013-12-17 22:47:50',22,45),(1,'2013-12-17 22:49:58',22,45),(1,'2013-12-17 22:52:02',22,45),(1,'2013-12-17 22:54:03',22,44),(1,'2013-12-17 22:56:04',22,45),(1,'2013-12-17 22:58:04',21,44),(1,'2013-12-17 23:00:05',22,44),(1,'2013-12-17 23:02:06',22,44),(1,'2013-12-17 23:04:10',22,45),(1,'2013-12-17 23:06:14',22,45),(1,'2013-12-17 23:08:15',22,45),(1,'2013-12-17 23:10:16',22,45),(1,'2013-12-17 23:12:16',22,45),(1,'2013-12-17 23:14:24',22,45),(1,'2013-12-17 23:16:25',22,45),(1,'2013-12-17 23:18:36',22,45),(1,'2013-12-17 23:20:40',22,45),(1,'2013-12-17 23:22:41',22,44),(1,'2013-12-17 23:24:42',22,45),(1,'2013-12-17 23:26:47',22,45),(1,'2013-12-17 23:28:47',22,45),(1,'2013-12-17 23:30:52',22,45),(1,'2013-12-17 23:32:52',22,45),(1,'2013-12-17 23:34:53',22,45),(1,'2013-12-17 23:36:54',21,45),(1,'2013-12-17 23:38:54',22,45),(1,'2013-12-17 23:40:59',22,44),(1,'2013-12-17 23:43:06',22,45),(1,'2013-12-17 23:45:14',22,45),(1,'2013-12-17 23:47:15',22,45),(1,'2013-12-17 23:49:19',22,45),(1,'2013-12-17 23:51:20',255,255),(1,'2013-12-17 23:53:24',22,45),(1,'2013-12-17 23:55:25',22,45),(1,'2013-12-17 23:57:25',22,45),(1,'2013-12-17 23:59:33',22,45),(1,'2013-12-18 00:01:34',22,45),(1,'2013-12-18 00:03:38',21,45),(1,'2013-12-18 00:05:39',22,45),(1,'2013-12-18 00:07:40',22,45),(1,'2013-12-18 00:09:40',22,45),(1,'2013-12-18 00:11:44',21,45),(1,'2013-12-18 00:13:49',22,45),(1,'2013-12-18 00:16:00',21,45),(1,'2013-12-18 00:18:01',22,44),(1,'2013-12-18 00:20:01',22,45),(1,'2013-12-18 00:22:02',22,44),(1,'2013-12-18 00:24:06',22,45),(1,'2013-12-18 00:26:11',22,44),(1,'2013-12-18 00:28:11',21,45),(1,'2013-12-18 00:30:12',22,45),(1,'2013-12-18 00:32:16',22,44),(1,'2013-12-18 00:34:20',21,44),(1,'2013-12-18 00:36:21',22,45),(1,'2013-12-18 00:38:22',21,44),(1,'2013-12-18 00:40:22',21,44),(1,'2013-12-18 00:42:23',21,45),(1,'2013-12-18 00:44:27',22,44),(1,'2013-12-18 00:46:28',21,45),(1,'2013-12-18 00:48:36',21,44),(1,'2013-12-18 00:50:37',22,44),(1,'2013-12-18 00:52:41',22,44),(1,'2013-12-18 00:54:41',21,44),(1,'2013-12-18 00:56:42',21,44),(1,'2013-12-18 00:58:50',22,44),(1,'2013-12-18 01:00:51',22,44),(1,'2013-12-18 01:02:55',21,45),(1,'2013-12-18 01:04:59',21,45),(1,'2013-12-18 01:07:03',22,45),(1,'2013-12-18 01:09:04',22,44),(1,'2013-12-18 01:11:08',22,45),(1,'2013-12-18 01:13:09',22,44),(1,'2013-12-18 01:15:13',21,45),(1,'2013-12-18 01:17:14',21,44),(1,'2013-12-18 01:19:15',22,45),(1,'2013-12-18 01:21:15',21,44),(1,'2013-12-18 01:23:16',21,45),(1,'2013-12-18 01:25:17',21,45),(1,'2013-12-18 01:27:17',22,45),(1,'2013-12-18 01:29:25',21,45),(1,'2013-12-18 01:31:26',21,45),(1,'2013-12-18 01:33:34',22,44),(1,'2013-12-18 01:35:34',21,45),(1,'2013-12-18 01:37:35',21,45),(1,'2013-12-18 01:39:36',21,44),(1,'2013-12-18 01:41:36',21,45),(1,'2013-12-18 01:43:37',21,44),(1,'2013-12-18 01:45:38',21,44),(1,'2013-12-18 01:47:38',22,45),(1,'2013-12-18 01:49:39',21,45),(1,'2013-12-18 01:51:47',22,44),(1,'2013-12-18 01:53:48',22,44),(1,'2013-12-18 01:55:52',22,44),(1,'2013-12-18 01:57:52',21,45),(1,'2013-12-18 01:59:53',21,45),(1,'2013-12-18 02:01:54',21,45),(1,'2013-12-18 02:03:55',21,45),(1,'2013-12-18 02:05:59',21,45),(1,'2013-12-18 02:08:03',21,45),(1,'2013-12-18 02:10:04',21,44),(1,'2013-12-18 02:12:15',21,44),(1,'2013-12-18 02:14:19',21,45),(1,'2013-12-18 02:16:20',21,44),(1,'2013-12-18 02:18:21',21,45),(1,'2013-12-18 02:20:21',21,44),(1,'2013-12-18 02:22:22',21,44),(1,'2013-12-18 02:24:26',21,45),(1,'2013-12-18 02:26:27',21,44),(1,'2013-12-18 02:28:28',21,44),(1,'2013-12-18 02:30:28',21,44),(1,'2013-12-18 02:32:29',21,45),(1,'2013-12-18 02:34:30',21,45),(1,'2013-12-18 02:36:30',21,45),(1,'2013-12-18 02:38:31',21,44),(1,'2013-12-18 02:40:32',21,45),(1,'2013-12-18 02:42:36',21,45),(1,'2013-12-18 02:44:40',21,44),(1,'2013-12-18 02:46:44',21,44),(1,'2013-12-18 02:48:45',21,45),(1,'2013-12-18 02:50:46',21,45),(1,'2013-12-18 02:52:46',21,44),(1,'2013-12-18 02:54:51',21,44),(1,'2013-12-18 02:56:51',21,44),(1,'2013-12-18 02:58:59',21,44),(1,'2013-12-18 03:01:00',21,44),(1,'2013-12-18 03:03:01',21,45),(1,'2013-12-18 03:05:05',21,45),(1,'2013-12-18 03:07:05',21,44),(1,'2013-12-18 03:09:10',21,45),(1,'2013-12-18 03:11:10',21,45),(1,'2013-12-18 03:13:18',21,44),(1,'2013-12-18 03:15:19',21,44),(1,'2013-12-18 03:17:20',21,43),(1,'2013-12-18 03:19:20',21,45),(1,'2013-12-18 03:21:24',21,45),(1,'2013-12-18 03:23:25',21,44),(1,'2013-12-18 03:25:26',21,44),(1,'2013-12-18 03:27:27',21,44),(1,'2013-12-18 03:29:27',21,45),(1,'2013-12-18 03:31:28',21,45),(1,'2013-12-18 03:33:32',21,44),(1,'2013-12-18 03:35:36',21,45),(1,'2013-12-18 03:37:37',21,44),(1,'2013-12-18 03:39:41',21,44),(1,'2013-12-18 03:41:46',21,45),(1,'2013-12-18 03:43:46',21,45),(1,'2013-12-18 03:45:47',21,45),(1,'2013-12-18 03:47:48',21,44),(1,'2013-12-18 03:49:48',21,44),(1,'2013-12-18 03:51:49',21,45),(1,'2013-12-18 03:53:50',21,44),(1,'2013-12-18 03:55:50',21,44),(1,'2013-12-18 03:57:51',21,44),(1,'2013-12-18 03:59:52',21,45),(1,'2013-12-18 04:01:52',21,44),(1,'2013-12-18 04:03:53',21,44),(1,'2013-12-18 04:05:54',21,45),(1,'2013-12-18 04:07:55',21,45),(1,'2013-12-18 04:09:56',21,44),(1,'2013-12-18 04:11:56',21,44),(1,'2013-12-18 04:14:01',21,44),(1,'2013-12-18 04:16:01',21,44),(1,'2013-12-18 04:18:02',21,45),(1,'2013-12-18 04:20:03',21,45),(1,'2013-12-18 04:22:07',21,44),(1,'2013-12-18 04:24:08',21,44),(1,'2013-12-18 04:26:15',21,44),(1,'2013-12-18 04:28:16',21,44),(1,'2013-12-18 04:30:17',21,45),(1,'2013-12-18 04:32:18',21,44),(1,'2013-12-18 04:34:18',21,44),(1,'2013-12-18 04:36:19',21,45),(1,'2013-12-18 04:38:20',21,44),(1,'2013-12-18 04:40:24',21,44),(1,'2013-12-18 04:42:28',21,44),(1,'2013-12-18 04:44:32',21,44),(1,'2013-12-18 04:46:33',21,44),(1,'2013-12-18 04:48:37',21,45),(1,'2013-12-18 04:50:38',21,44),(1,'2013-12-18 04:52:39',21,44),(1,'2013-12-18 04:54:39',21,44),(1,'2013-12-18 04:56:40',21,44),(1,'2013-12-18 04:58:41',21,44),(1,'2013-12-18 05:00:41',21,44),(1,'2013-12-18 05:02:46',21,44),(1,'2013-12-18 05:04:53',21,44),(1,'2013-12-18 05:06:54',21,44),(1,'2013-12-18 05:08:55',21,44),(1,'2013-12-18 05:10:59',21,44),(1,'2013-12-18 05:13:00',21,44),(1,'2013-12-18 05:15:01',21,44),(1,'2013-12-18 05:17:06',21,44),(1,'2013-12-18 05:19:06',21,44),(1,'2013-12-18 05:21:14',21,44),(1,'2013-12-18 05:23:15',21,44),(1,'2013-12-18 05:25:16',21,44),(1,'2013-12-18 05:27:16',21,44),(1,'2013-12-18 05:29:17',21,44),(1,'2013-12-18 05:31:25',21,44),(1,'2013-12-18 05:33:29',21,45),(1,'2013-12-18 05:35:30',21,44),(1,'2013-12-18 05:37:30',21,44),(1,'2013-12-18 05:39:35',21,44),(1,'2013-12-18 05:41:35',21,44),(1,'2013-12-18 05:43:36',21,44),(1,'2013-12-18 05:45:37',21,44),(1,'2013-12-18 05:47:41',21,44),(1,'2013-12-18 05:49:45',21,44),(1,'2013-12-18 05:51:47',21,44),(1,'2013-12-18 05:53:48',21,44),(1,'2013-12-18 05:55:48',21,44),(1,'2013-12-18 05:57:53',21,44),(1,'2013-12-18 05:59:53',21,44),(1,'2013-12-18 06:01:54',21,44),(1,'2013-12-18 06:03:55',21,44),(1,'2013-12-18 06:05:55',21,44),(1,'2013-12-18 06:08:00',21,44),(1,'2013-12-18 06:10:00',21,44),(1,'2013-12-18 06:12:01',21,44),(1,'2013-12-18 06:14:12',21,44),(1,'2013-12-18 06:16:13',21,44),(1,'2013-12-18 06:18:17',21,44),(1,'2013-12-18 06:20:18',21,44),(1,'2013-12-18 06:22:19',21,44),(1,'2013-12-18 06:24:19',21,44),(1,'2013-12-18 06:26:20',21,44),(1,'2013-12-18 06:28:21',21,44),(1,'2013-12-18 06:30:21',21,44),(1,'2013-12-18 06:32:22',21,44),(1,'2013-12-18 06:34:26',21,44),(1,'2013-12-18 06:36:27',21,44),(1,'2013-12-18 06:38:35',21,44),(1,'2013-12-18 06:40:39',21,44),(1,'2013-12-18 06:42:40',21,44),(1,'2013-12-18 06:44:40',21,45),(1,'2013-12-18 06:46:41',21,44),(1,'2013-12-18 06:48:42',21,44),(1,'2013-12-18 06:50:42',21,45),(1,'2013-12-18 06:52:43',21,45),(1,'2013-12-18 06:54:44',21,44),(1,'2013-12-18 06:56:44',21,45),(1,'2013-12-18 06:58:45',21,44),(1,'2013-12-18 07:00:46',21,44),(1,'2013-12-18 07:02:46',21,44),(1,'2013-12-18 07:04:51',21,44),(1,'2013-12-18 07:06:51',21,45),(1,'2013-12-18 07:08:52',21,45),(1,'2013-12-18 07:10:53',21,45),(1,'2013-12-18 07:12:53',21,45),(1,'2013-12-18 07:14:54',21,45),(1,'2013-12-18 07:16:55',21,44),(1,'2013-12-18 07:18:55',21,44),(1,'2013-12-18 07:21:00',21,44),(1,'2013-12-18 07:23:04',21,45),(1,'2013-12-18 07:25:05',21,44),(1,'2013-12-18 07:27:05',21,45),(1,'2013-12-18 07:29:06',21,45),(1,'2013-12-18 07:31:07',21,45),(1,'2013-12-18 07:33:11',21,45),(1,'2013-12-18 07:35:12',21,45),(1,'2013-12-18 07:37:12',21,45),(1,'2013-12-18 07:39:13',21,45),(1,'2013-12-18 07:41:17',22,44),(1,'2013-12-18 07:43:18',22,45),(1,'2013-12-18 07:45:19',22,45),(1,'2013-12-18 07:47:19',22,45),(1,'2013-12-18 07:49:20',22,45),(1,'2013-12-18 07:51:21',22,45),(1,'2013-12-18 07:53:21',22,45),(1,'2013-12-18 07:55:22',21,45),(1,'2013-12-18 07:57:23',22,45),(1,'2013-12-18 07:59:23',22,45),(1,'2013-12-18 08:01:24',22,45),(1,'2013-12-18 08:03:28',22,45),(1,'2013-12-18 08:05:29',22,46),(1,'2013-12-18 08:07:30',21,45),(1,'2013-12-18 08:09:30',21,45),(1,'2013-12-18 08:11:42',22,45),(1,'2013-12-18 08:13:42',22,45),(1,'2013-12-18 08:15:47',22,45),(1,'2013-12-18 08:17:47',22,45),(1,'2013-12-18 08:19:48',22,45),(1,'2013-12-18 08:21:49',22,45),(1,'2013-12-18 08:23:49',22,45),(1,'2013-12-18 08:25:50',22,45),(1,'2013-12-18 08:27:51',22,45),(1,'2013-12-18 08:29:51',22,45),(1,'2013-12-18 08:31:52',22,45),(1,'2013-12-18 08:33:53',22,45),(1,'2013-12-18 08:36:01',22,45),(1,'2013-12-18 08:38:01',21,45),(1,'2013-12-18 08:40:09',22,45),(1,'2013-12-18 08:42:13',22,45),(1,'2013-12-18 08:44:14',22,45),(1,'2013-12-18 08:46:15',22,45),(1,'2013-12-18 08:48:15',22,45),(1,'2013-12-18 08:50:16',22,45),(1,'2013-12-18 08:52:17',21,45),(1,'2013-12-18 08:54:17',21,45),(1,'2013-12-18 08:56:25',21,45),(1,'2013-12-18 08:58:26',22,45),(1,'2013-12-18 09:00:27',21,45),(1,'2013-12-18 09:02:27',22,45),(1,'2013-12-18 09:04:28',22,45),(1,'2013-12-18 09:06:29',22,45),(1,'2013-12-18 09:08:29',22,45),(1,'2013-12-18 09:10:33',21,45),(1,'2013-12-18 09:12:34',21,45),(1,'2013-12-18 09:14:38',21,45),(1,'2013-12-18 09:16:39',21,45),(1,'2013-12-18 09:18:40',22,46),(1,'2013-12-18 09:20:40',21,45),(1,'2013-12-18 09:22:41',21,45),(1,'2013-12-18 09:24:42',21,45),(1,'2013-12-18 09:26:42',21,45),(1,'2013-12-18 09:28:43',21,45),(1,'2013-12-18 09:30:44',22,45),(1,'2013-12-18 09:32:45',21,45),(1,'2013-12-18 09:34:52',21,45),(1,'2013-12-18 09:36:57',21,45),(1,'2013-12-18 09:38:57',22,45),(1,'2013-12-18 09:40:58',21,45),(1,'2013-12-18 09:42:59',21,45),(1,'2013-12-18 09:45:03',21,45),(1,'2013-12-18 09:47:04',22,44),(1,'2013-12-18 09:49:04',21,45),(1,'2013-12-18 09:51:05',21,45),(1,'2013-12-18 09:53:09',21,45),(1,'2013-12-18 09:55:10',22,44),(1,'2013-12-18 09:57:14',21,45),(1,'2013-12-18 09:59:15',21,45),(1,'2013-12-18 10:01:15',22,44),(1,'2013-12-18 10:03:16',21,45),(1,'2013-12-18 10:05:31',21,45),(1,'2013-12-18 10:07:32',21,45),(1,'2013-12-18 10:09:32',21,45),(1,'2013-12-18 10:11:37',21,45),(1,'2013-12-18 10:13:37',21,45),(1,'2013-12-18 10:15:45',21,45),(1,'2013-12-18 10:17:46',21,44),(1,'2013-12-18 10:19:46',21,45),(1,'2013-12-18 10:21:47',21,45),(1,'2013-12-18 10:23:48',21,45),(1,'2013-12-18 10:25:59',21,45),(1,'2013-12-18 10:28:07',21,45),(1,'2013-12-18 10:30:08',21,45),(1,'2013-12-18 10:32:08',21,46),(1,'2013-12-18 10:34:09',21,45),(1,'2013-12-18 10:36:10',21,46),(1,'2013-12-18 10:38:14',21,45),(1,'2013-12-18 10:40:15',21,45),(1,'2013-12-18 10:42:26',21,45),(1,'2013-12-18 10:44:30',21,45),(1,'2013-12-18 10:46:31',21,45),(1,'2013-12-18 10:48:32',21,45),(1,'2013-12-18 10:50:32',21,44),(1,'2013-12-18 10:52:44',21,45),(1,'2013-12-18 10:54:44',21,44),(1,'2013-12-18 10:56:45',21,45),(1,'2013-12-18 10:58:49',21,45),(1,'2013-12-18 11:00:54',21,45),(1,'2013-12-18 11:02:54',21,44),(1,'2013-12-18 11:04:55',21,45),(1,'2013-12-18 11:06:56',21,45),(1,'2013-12-18 11:08:56',21,45),(1,'2013-12-18 11:10:57',21,45),(1,'2013-12-18 11:12:58',21,44),(1,'2013-12-18 11:14:58',21,45),(1,'2013-12-18 11:16:59',21,45),(1,'2013-12-18 11:19:00',21,45),(1,'2013-12-18 11:21:00',21,44),(1,'2013-12-18 11:23:05',21,45),(1,'2013-12-18 11:25:09',21,45),(1,'2013-12-18 11:27:10',21,45),(1,'2013-12-18 11:29:17',21,44),(1,'2013-12-18 11:31:18',21,45),(1,'2013-12-18 11:33:19',21,45),(1,'2013-12-18 11:35:19',21,45),(1,'2013-12-18 11:37:20',21,44),(1,'2013-12-18 11:39:24',21,44),(1,'2013-12-18 11:41:25',21,44),(1,'2013-12-18 11:43:29',21,45),(1,'2013-12-18 11:45:30',21,45),(1,'2013-12-18 11:47:31',21,44),(1,'2013-12-18 11:49:38',21,45),(1,'2013-12-18 11:51:43',21,45),(1,'2013-12-18 11:53:43',21,45),(1,'2013-12-18 11:55:51',21,45),(1,'2013-12-18 11:57:59',21,44),(1,'2013-12-18 12:00:00',21,44),(1,'2013-12-18 12:02:07',21,44),(1,'2013-12-18 12:04:08',21,44),(1,'2013-12-18 12:06:09',21,45),(1,'2013-12-18 12:08:10',21,44),(1,'2013-12-18 12:10:10',21,44),(1,'2013-12-18 12:12:11',21,45),(1,'2013-12-18 12:14:12',21,45),(1,'2013-12-18 12:16:12',21,45),(1,'2013-12-18 12:18:13',21,45),(1,'2013-12-18 12:20:14',21,45),(1,'2013-12-18 12:22:14',21,45),(1,'2013-12-18 12:24:15',21,45),(1,'2013-12-18 12:26:16',21,45),(1,'2013-12-18 12:28:16',21,45),(1,'2013-12-18 12:30:17',21,45),(1,'2013-12-18 12:32:18',21,44),(1,'2013-12-18 12:34:18',21,45),(1,'2013-12-18 12:36:19',21,44),(1,'2013-12-18 12:38:20',21,45),(1,'2013-12-18 12:40:20',21,45),(1,'2013-12-18 12:42:35',21,45),(1,'2013-12-18 12:44:36',21,44),(1,'2013-12-18 12:46:37',21,44),(1,'2013-12-18 12:48:37',21,44),(1,'2013-12-18 12:50:38',21,45),(1,'2013-12-18 12:52:49',21,44),(1,'2013-12-18 12:54:50',21,45),(1,'2013-12-18 12:56:51',21,45),(1,'2013-12-18 12:58:51',21,44),(1,'2013-12-18 13:00:52',21,44),(1,'2013-12-18 13:02:56',21,45),(1,'2013-12-18 13:04:57',21,45),(1,'2013-12-18 13:07:01',21,44),(1,'2013-12-18 13:09:02',21,45),(1,'2013-12-18 13:11:03',21,45),(1,'2013-12-18 13:13:07',21,45),(1,'2013-12-18 13:15:15',21,44),(1,'2013-12-18 13:17:15',21,44),(1,'2013-12-18 13:19:21',21,45),(1,'2013-12-18 13:21:21',21,44),(1,'2013-12-18 13:23:22',21,45),(1,'2013-12-18 13:25:23',21,44),(1,'2013-12-18 13:27:27',21,44),(1,'2013-12-18 13:29:28',21,44),(1,'2013-12-18 13:31:28',21,44),(1,'2013-12-18 13:33:29',21,44),(1,'2013-12-18 13:35:33',21,45),(1,'2013-12-18 13:37:34',21,44),(1,'2013-12-18 13:39:42',21,44),(1,'2013-12-18 13:41:42',21,44),(1,'2013-12-18 13:43:43',20,45),(1,'2013-12-18 13:45:47',21,44),(1,'2013-12-18 13:47:48',20,45),(1,'2013-12-18 13:49:49',20,46),(1,'2013-12-18 13:51:49',21,44),(1,'2013-12-18 13:54:01',21,44),(1,'2013-12-18 13:56:01',21,44),(1,'2013-12-18 13:58:06',21,44),(1,'2013-12-18 14:00:06',21,44),(1,'2013-12-18 14:02:07',21,45),(1,'2013-12-18 14:04:11',21,44),(1,'2013-12-18 14:06:12',21,44),(1,'2013-12-18 14:08:16',21,44),(1,'2013-12-18 14:10:17',21,44),(1,'2013-12-18 14:12:18',21,44),(1,'2013-12-18 14:14:18',21,44),(1,'2013-12-18 14:16:19',20,45),(1,'2013-12-18 14:18:20',21,44),(1,'2013-12-18 14:20:20',21,45),(1,'2013-12-18 14:22:21',20,45),(1,'2013-12-18 14:24:22',21,45),(1,'2013-12-18 14:26:22',20,45),(1,'2013-12-18 14:28:27',20,46),(1,'2013-12-18 14:30:27',21,44),(1,'2013-12-18 14:32:28',21,45),(1,'2013-12-18 14:34:29',20,46),(1,'2013-12-18 14:36:33',20,46),(1,'2013-12-18 14:38:34',20,45),(1,'2013-12-18 14:40:38',20,46),(1,'2013-12-18 14:42:38',21,44),(1,'2013-12-18 14:44:39',21,45),(1,'2013-12-18 14:46:40',21,45),(1,'2013-12-18 14:48:41',21,44),(1,'2013-12-18 14:50:41',21,45),(1,'2013-12-18 14:52:42',21,45),(1,'2013-12-18 14:54:43',21,44),(1,'2013-12-18 14:56:43',21,44),(1,'2013-12-18 14:58:44',21,44),(1,'2013-12-18 15:00:45',21,44),(1,'2013-12-18 15:02:45',21,44),(1,'2013-12-18 15:04:50',21,44),(1,'2013-12-18 15:06:50',20,45),(1,'2013-12-18 15:08:51',21,44),(1,'2013-12-18 15:10:52',21,44),(1,'2013-12-18 15:12:52',21,45),(1,'2013-12-18 15:14:57',20,46),(1,'2013-12-18 15:17:01',21,44),(1,'2013-12-18 15:19:09',20,46),(1,'2013-12-18 15:21:09',21,44),(1,'2013-12-18 15:23:10',20,45),(1,'2013-12-18 15:25:14',20,45),(1,'2013-12-18 15:27:15',20,45),(1,'2013-12-18 15:29:17',21,44),(1,'2013-12-18 15:31:21',21,45),(1,'2013-12-18 15:33:22',21,44),(1,'2013-12-18 15:35:22',20,46),(1,'2013-12-18 15:37:27',20,47),(1,'2013-12-18 15:39:27',20,46),(1,'2013-12-18 15:41:28',20,46),(1,'2013-12-18 15:43:29',20,46),(1,'2013-12-18 15:45:29',20,46),(1,'2013-12-18 15:47:34',21,44),(1,'2013-12-18 15:49:34',20,46),(1,'2013-12-18 15:51:35',20,46),(1,'2013-12-18 15:53:36',20,46),(1,'2013-12-18 15:55:36',20,45),(1,'2013-12-18 15:57:37',21,44),(1,'2013-12-18 15:59:38',20,46),(1,'2013-12-18 16:01:42',20,45),(1,'2013-12-18 16:03:46',20,46),(1,'2013-12-18 16:05:47',20,46),(1,'2013-12-18 16:07:47',20,46),(1,'2013-12-18 16:09:55',20,46),(1,'2013-12-18 16:11:56',20,45),(1,'2013-12-18 16:13:57',20,45),(1,'2013-12-18 16:15:57',20,46),(1,'2013-12-18 16:17:58',20,47),(1,'2013-12-18 16:19:59',21,44),(1,'2013-12-18 16:22:03',21,46),(1,'2013-12-18 16:24:12',21,44),(1,'2013-12-18 16:26:14',20,46),(1,'2013-12-18 16:28:14',21,44),(1,'2013-12-18 16:30:15',21,44),(1,'2013-12-18 16:32:23',21,44),(1,'2013-12-18 16:34:31',21,45),(1,'2013-12-18 16:36:31',21,45),(1,'2013-12-18 16:38:43',21,47),(1,'2013-12-18 16:40:54',21,45),(1,'2013-12-18 16:42:55',21,44),(1,'2013-12-18 16:44:56',21,44),(1,'2013-12-18 16:46:57',21,46),(1,'2013-12-18 16:48:58',21,46),(1,'2013-12-18 16:50:59',21,44),(1,'2013-12-18 16:53:07',21,45),(1,'2013-12-18 16:55:11',22,44),(1,'2013-12-18 16:57:15',22,44),(1,'2013-12-18 16:59:16',22,45),(1,'2013-12-18 17:01:17',21,45),(1,'2013-12-18 17:03:21',22,46),(1,'2013-12-18 17:05:36',22,45),(1,'2013-12-18 17:08:05',22,47),(1,'2013-12-18 17:10:09',22,44),(1,'2013-12-18 17:12:13',22,46),(1,'2013-12-18 17:14:18',22,47),(1,'2013-12-18 17:16:29',22,44),(1,'2013-12-18 17:18:33',22,44),(1,'2013-12-18 17:20:37',22,44),(1,'2013-12-18 17:22:38',22,46),(1,'2013-12-18 17:24:39',22,47),(1,'2013-12-18 17:26:39',21,46),(1,'2013-12-18 17:28:40',22,44),(1,'2013-12-18 17:30:52',22,44),(1,'2013-12-18 17:33:10',22,47),(1,'2013-12-18 17:35:14',22,44),(1,'2013-12-18 17:37:15',22,44),(1,'2013-12-18 17:39:19',22,45),(1,'2013-12-18 17:41:38',22,47),(1,'2013-12-18 17:43:38',22,45),(1,'2013-12-18 17:45:39',22,46),(1,'2013-12-18 17:47:40',22,47),(1,'2013-12-18 17:49:40',22,44),(1,'2013-12-18 17:51:45',22,46),(1,'2013-12-18 17:53:49',22,44),(1,'2013-12-18 17:55:49',22,45),(1,'2013-12-18 17:57:50',22,44),(1,'2013-12-18 17:59:51',22,46),(1,'2013-12-18 18:02:09',22,46),(1,'2013-12-18 18:04:17',22,47),(1,'2013-12-18 18:06:28',20,46),(1,'2013-12-18 18:08:33',22,46),(1,'2013-12-18 18:10:34',22,46),(1,'2013-12-18 18:12:35',22,44),(1,'2013-12-18 18:14:35',22,44),(1,'2013-12-18 18:17:01',22,45),(1,'2013-12-18 18:19:05',22,44),(1,'2013-12-18 18:21:20',20,48),(1,'2013-12-18 18:23:24',21,45),(1,'2013-12-18 18:25:28',21,45),(1,'2013-12-18 18:27:29',21,45),(1,'2013-12-18 18:29:30',21,45),(1,'2013-12-18 18:31:30',22,45),(1,'2013-12-18 18:33:31',21,45),(1,'2013-12-18 18:35:32',22,45),(1,'2013-12-18 18:37:36',22,45),(1,'2013-12-18 18:39:40',22,44),(1,'2013-12-18 18:41:44',22,45),(1,'2013-12-18 18:43:45',22,44),(1,'2013-12-18 18:45:46',21,45),(1,'2013-12-18 18:47:50',22,45),(1,'2013-12-18 18:49:50',22,45),(1,'2013-12-18 18:51:51',22,45),(1,'2013-12-18 18:53:52',22,45),(1,'2013-12-18 18:55:56',22,45),(1,'2013-12-18 18:57:57',22,45),(1,'2013-12-18 19:00:01',22,45),(1,'2013-12-18 19:02:01',22,45),(1,'2013-12-18 19:04:02',22,45),(1,'2013-12-18 19:06:03',22,44),(1,'2013-12-18 19:08:03',21,45),(1,'2013-12-18 19:10:04',22,45),(1,'2013-12-18 19:12:05',22,45),(1,'2013-12-18 19:14:05',22,45),(1,'2013-12-18 19:16:06',22,45),(1,'2013-12-18 19:18:10',22,45),(1,'2013-12-18 19:20:14',22,44),(1,'2013-12-18 19:22:15',22,44),(1,'2013-12-18 19:24:16',22,45),(1,'2013-12-18 19:26:20',21,45),(1,'2013-12-18 19:28:21',22,44),(1,'2013-12-18 19:30:21',22,44),(1,'2013-12-18 19:32:22',22,45),(1,'2013-12-18 19:34:23',22,45),(1,'2013-12-18 19:36:23',21,45),(1,'2013-12-18 19:38:31',22,45),(1,'2013-12-18 19:40:32',22,44),(1,'2013-12-18 19:42:33',22,45),(1,'2013-12-18 19:44:33',22,45),(1,'2013-12-18 19:46:34',22,45),(1,'2013-12-18 19:48:38',22,45),(1,'2013-12-18 19:50:39',22,45),(1,'2013-12-18 19:52:39',22,45),(1,'2013-12-18 19:54:40',22,45),(1,'2013-12-18 19:56:41',22,45),(1,'2013-12-18 19:58:41',22,45),(1,'2013-12-18 20:00:43',22,45),(1,'2013-12-18 20:02:46',22,45),(1,'2013-12-18 20:04:51',22,45),(1,'2013-12-18 20:06:51',22,45),(1,'2013-12-18 20:08:57',22,44),(1,'2013-12-18 20:10:57',22,45),(1,'2013-12-18 20:12:58',22,45),(1,'2013-12-18 20:14:59',22,45),(1,'2013-12-18 20:16:59',22,45),(1,'2013-12-18 20:19:00',22,44),(1,'2013-12-18 20:21:01',22,45),(1,'2013-12-18 20:23:01',22,45),(1,'2013-12-18 20:25:02',22,44),(1,'2013-12-18 20:27:03',22,44),(1,'2013-12-18 20:29:07',22,44),(1,'2013-12-18 20:31:07',22,44),(1,'2013-12-18 20:33:08',22,44),(1,'2013-12-18 20:35:09',22,44),(1,'2013-12-18 20:37:09',22,45),(1,'2013-12-18 20:39:10',22,45),(1,'2013-12-18 20:41:11',22,45),(1,'2013-12-18 20:43:11',22,45),(1,'2013-12-18 20:45:12',22,44),(1,'2013-12-18 20:47:13',22,44),(1,'2013-12-18 20:49:13',22,45),(1,'2013-12-18 20:51:14',22,45),(1,'2013-12-18 20:53:18',22,44),(1,'2013-12-18 20:55:19',22,45),(1,'2013-12-18 20:57:26',22,45),(1,'2013-12-18 20:59:27',22,45),(1,'2013-12-18 21:01:28',22,45),(1,'2013-12-18 21:03:28',22,45),(1,'2013-12-18 21:05:29',22,44),(1,'2013-12-18 21:07:31',22,44),(1,'2013-12-18 21:09:32',22,45),(1,'2013-12-18 21:11:36',22,44),(1,'2013-12-18 21:13:36',22,45),(1,'2013-12-18 21:15:37',22,45),(1,'2013-12-18 21:17:38',22,44),(1,'2013-12-18 21:19:39',22,45),(1,'2013-12-18 21:21:43',22,45),(1,'2013-12-18 21:23:44',22,44),(1,'2013-12-18 21:25:44',22,45),(1,'2013-12-18 21:27:45',22,45),(1,'2013-12-18 21:29:46',22,45),(1,'2013-12-18 21:31:46',22,45),(1,'2013-12-18 21:33:44',22,44),(1,'2013-12-18 21:35:45',22,45),(1,'2013-12-18 21:37:46',22,45),(1,'2013-12-18 21:39:50',22,45),(1,'2013-12-18 21:41:59',22,45),(1,'2013-12-18 21:43:59',22,44),(1,'2013-12-18 21:46:01',22,44),(1,'2013-12-18 21:48:03',22,44),(1,'2013-12-18 21:50:11',22,44),(1,'2013-12-18 21:52:11',22,44),(1,'2013-12-18 21:54:12',22,45),(1,'2013-12-18 21:56:13',22,45),(1,'2013-12-18 21:58:17',22,44),(1,'2013-12-18 22:00:28',22,45),(1,'2013-12-18 22:03:15',22,44),(1,'2013-12-18 22:05:57',22,44),(1,'2013-12-18 22:08:09',22,44),(1,'2013-12-19 17:33:55',21,45),(1,'2013-12-19 17:36:03',21,46),(1,'2013-12-19 17:38:10',21,45),(1,'2013-12-19 17:38:25',22,45),(1,'2013-12-19 17:38:44',21,45),(1,'2013-12-19 17:39:29',21,46),(1,'2013-12-19 17:41:49',22,45),(1,'2013-12-19 17:44:11',21,45),(1,'2013-12-19 17:48:52',22,45),(1,'2013-12-19 17:55:27',21,45),(1,'2013-12-19 17:58:39',22,45),(1,'2013-12-19 18:02:09',21,46),(1,'2013-12-19 18:04:48',22,46),(1,'2013-12-19 18:08:18',22,45),(1,'2013-12-19 18:11:19',22,46),(1,'2013-12-19 18:15:39',22,46),(1,'2013-12-19 18:19:05',22,46),(1,'2013-12-19 18:27:09',22,46),(1,'2013-12-19 18:31:43',22,45),(1,'2013-12-19 18:39:51',22,45),(1,'2013-12-19 18:43:46',22,46),(1,'2013-12-19 18:49:00',22,46),(1,'2013-12-19 18:51:40',22,45),(1,'2013-12-19 18:57:46',22,45),(1,'2013-12-19 19:02:42',22,46),(1,'2013-12-19 19:04:46',22,46),(1,'2013-12-19 19:19:50',22,46),(1,'2013-12-19 19:26:47',22,45),(1,'2013-12-19 19:30:49',22,46),(1,'2013-12-19 19:33:32',22,45),(1,'2013-12-19 19:38:17',22,46),(1,'2013-12-19 19:45:02',22,45),(1,'2013-12-19 19:52:52',22,45),(1,'2013-12-19 19:57:08',22,45),(1,'2013-12-19 20:00:02',22,45),(1,'2013-12-19 20:03:46',22,45),(1,'2013-12-19 20:06:08',22,46),(1,'2013-12-19 20:13:22',44,24),(1,'2013-12-19 20:15:23',22,45),(1,'2013-12-19 20:17:56',22,46),(1,'2013-12-19 20:19:56',22,45),(1,'2013-12-19 20:26:49',22,13),(1,'2013-12-19 20:28:50',22,45),(1,'2013-12-19 20:31:26',22,45),(1,'2013-12-19 20:35:13',22,45),(1,'2013-12-19 20:38:29',22,45),(1,'2013-12-19 20:40:44',22,46),(1,'2013-12-19 20:43:45',22,45),(1,'2013-12-19 20:45:45',22,45),(1,'2013-12-19 20:52:56',22,45),(1,'2013-12-19 20:55:21',22,45),(1,'2013-12-19 20:59:30',22,45),(1,'2013-12-19 21:01:45',22,45),(1,'2013-12-19 21:04:14',22,45),(1,'2013-12-19 21:06:57',22,45),(1,'2013-12-19 21:12:35',22,45),(1,'2013-12-19 21:14:39',22,46),(1,'2013-12-19 21:18:13',22,45),(1,'2013-12-19 21:21:07',22,45),(1,'2013-12-19 21:24:47',22,46),(1,'2013-12-19 21:26:58',22,46),(1,'2013-12-19 21:29:49',22,46),(1,'2013-12-19 21:32:00',22,45),(1,'2013-12-19 21:34:40',22,46),(1,'2013-12-19 21:39:28',22,46),(1,'2013-12-19 21:42:54',22,46),(1,'2013-12-19 21:50:40',22,46),(1,'2013-12-19 21:55:13',22,45),(1,'2013-12-19 21:59:22',22,46),(1,'2013-12-19 22:01:41',22,46),(1,'2013-12-19 22:06:21',22,46),(1,'2013-12-19 22:08:54',22,46),(1,'2013-12-19 22:10:58',22,46),(1,'2013-12-19 22:13:03',22,46),(1,'2013-12-19 22:15:39',22,45),(1,'2013-12-19 22:19:09',22,45),(1,'2013-12-19 22:22:17',22,45),(1,'2013-12-19 22:25:22',22,45),(1,'2013-12-19 22:29:37',22,45),(1,'2013-12-19 22:34:08',22,45),(1,'2013-12-19 22:36:22',22,45),(1,'2013-12-19 22:38:41',22,45),(1,'2013-12-19 22:41:07',22,45),(1,'2013-12-19 22:43:18',22,45),(1,'2013-12-19 22:46:40',22,45),(1,'2013-12-19 22:50:49',22,45),(1,'2013-12-19 22:53:57',22,46),(1,'2013-12-19 22:57:31',22,45),(1,'2013-12-19 22:59:56',22,45),(1,'2013-12-19 23:02:50',22,46),(1,'2013-12-19 23:05:09',22,45),(1,'2013-12-19 23:07:38',22,45),(1,'2013-12-19 23:09:49',22,45),(1,'2013-12-19 23:12:04',22,45),(1,'2013-12-19 23:14:12',40,28),(1,'2013-12-19 23:16:27',22,45),(1,'2013-12-19 23:19:39',22,45),(1,'2013-12-19 23:22:04',22,45),(1,'2013-12-19 23:24:23',22,45),(1,'2013-12-19 23:29:53',22,45),(1,'2013-12-19 23:33:37',22,45),(1,'2013-12-19 23:35:41',22,46),(1,'2013-12-19 23:40:08',22,45),(1,'2013-12-19 23:43:23',22,45),(1,'2013-12-19 23:46:21',22,45),(1,'2013-12-19 23:51:27',22,45),(1,'2013-12-19 23:55:03',22,45),(1,'2013-12-19 23:58:01',22,45),(1,'2013-12-20 00:00:12',22,45),(1,'2013-12-20 00:02:56',22,45),(1,'2013-12-20 00:05:14',22,45),(1,'2013-12-20 00:07:29',22,45),(1,'2013-12-20 00:10:34',22,45),(1,'2013-12-20 00:12:45',22,45),(1,'2013-12-20 00:15:00',22,45),(1,'2013-12-20 00:17:26',22,45),(1,'2013-12-20 00:20:38',22,45),(1,'2013-12-20 00:23:28',22,45),(1,'2013-12-20 00:25:32',22,46),(1,'2013-12-20 00:28:12',22,45),(1,'2013-12-20 00:32:10',22,45),(1,'2013-12-20 00:36:48',22,45),(1,'2013-12-20 00:39:24',22,45),(1,'2013-12-20 00:42:32',22,44),(1,'2013-12-20 00:44:36',21,45),(1,'2013-12-20 00:47:13',22,45),(1,'2013-12-20 00:50:17',22,45),(1,'2013-12-20 00:54:23',22,45),(1,'2013-12-20 00:56:52',22,45),(1,'2013-12-20 01:01:00',22,45),(1,'2013-12-20 01:03:12',22,45),(1,'2013-12-20 01:07:18',22,45),(1,'2013-12-20 01:09:23',22,45),(1,'2013-12-20 01:11:37',21,45),(1,'2013-12-20 01:13:42',22,46),(1,'2013-12-20 01:16:22',22,45),(1,'2013-12-20 01:18:33',22,45),(1,'2013-12-20 01:22:24',22,45),(1,'2013-12-20 01:26:18',22,45),(1,'2013-12-20 01:29:59',22,45),(1,'2013-12-20 01:32:42',22,44),(1,'2013-12-20 01:35:15',22,45),(1,'2013-12-20 01:38:48',21,45),(1,'2013-12-20 01:41:17',22,45),(1,'2013-12-20 01:43:57',22,45),(1,'2013-12-20 01:47:09',21,45),(1,'2013-12-20 01:49:13',22,46),(1,'2013-12-20 01:51:17',21,45),(1,'2013-12-20 01:54:33',22,45),(1,'2013-12-20 01:57:12',22,44),(1,'2013-12-20 01:59:24',21,45),(1,'2013-12-20 02:02:04',22,44),(1,'2013-12-20 02:04:29',22,45),(1,'2013-12-20 02:07:37',21,45),(1,'2013-12-20 02:09:42',21,45),(1,'2013-12-20 02:13:02',21,45),(1,'2013-12-20 02:15:13',21,45),(1,'2013-12-20 02:18:18',21,45),(1,'2013-12-20 02:20:36',21,45),(1,'2013-12-20 02:22:44',21,45),(1,'2013-12-20 02:24:48',21,45),(1,'2013-12-20 02:26:49',21,45),(1,'2013-12-20 02:29:22',21,45),(1,'2013-12-20 02:31:26',21,45),(1,'2013-12-20 02:33:41',21,45),(1,'2013-12-20 02:36:28',21,45),(1,'2013-12-20 02:38:32',21,45),(1,'2013-12-20 02:41:33',21,44),(1,'2013-12-20 02:44:06',21,44),(1,'2013-12-20 02:46:38',21,45),(1,'2013-12-20 02:48:50',21,45),(1,'2013-12-20 02:51:22',21,45),(1,'2013-12-20 02:53:37',21,45),(1,'2013-12-20 02:56:28',21,45),(1,'2013-12-20 02:59:40',21,45),(1,'2013-12-20 03:02:23',21,44),(1,'2013-12-20 03:04:31',21,45),(1,'2013-12-20 03:07:00',21,45),(1,'2013-12-20 03:09:19',21,45),(1,'2013-12-20 03:12:20',21,45),(1,'2013-12-20 03:14:21',21,44),(1,'2013-12-20 03:18:23',21,45),(1,'2013-12-20 03:21:20',21,45),(1,'2013-12-20 03:24:57',21,45),(1,'2013-12-20 03:27:05',21,45),(1,'2013-12-20 03:31:17',21,44),(1,'2013-12-20 03:33:53',21,45),(1,'2013-12-20 03:36:26',21,44),(1,'2013-12-20 03:41:14',21,44),(1,'2013-12-20 03:44:19',21,45),(1,'2013-12-20 03:47:13',21,44),(1,'2013-12-20 03:49:28',21,44),(1,'2013-12-20 03:51:36',32,34),(1,'2013-12-20 03:54:05',21,45),(1,'2013-12-20 03:56:48',21,44),(1,'2013-12-20 03:59:25',21,44),(1,'2013-12-20 04:04:16',21,45),(1,'2013-12-20 04:06:56',21,44),(1,'2013-12-20 04:09:04',21,45),(1,'2013-12-20 04:11:11',8,58),(1,'2013-12-20 04:13:33',21,44),(1,'2013-12-20 04:15:38',21,45),(1,'2013-12-20 04:17:56',21,44),(1,'2013-12-20 04:20:04',21,45),(1,'2013-12-20 04:23:55',21,44),(1,'2013-12-20 04:27:03',21,44),(1,'2013-12-20 04:31:37',21,44),(1,'2013-12-20 04:37:32',21,45),(1,'2013-12-20 04:40:55',21,44),(1,'2013-12-20 04:44:28',21,44),(1,'2013-12-20 04:48:26',21,44),(1,'2013-12-20 04:50:41',21,45),(1,'2013-12-20 04:54:36',21,44),(1,'2013-12-20 04:57:15',21,44),(1,'2013-12-20 05:00:27',21,44),(1,'2013-12-20 05:03:18',21,45),(1,'2013-12-20 05:06:33',21,44),(1,'2013-12-20 05:09:56',21,44),(1,'2013-12-20 05:12:14',21,44),(1,'2013-12-20 05:14:29',21,44),(1,'2013-12-20 05:17:09',21,44),(1,'2013-12-20 05:20:03',21,44),(1,'2013-12-20 05:22:39',21,44),(1,'2013-12-20 05:25:01',21,44),(1,'2013-12-20 05:27:30',21,44),(1,'2013-12-20 05:30:49',21,44),(1,'2013-12-20 05:32:54',21,45),(1,'2013-12-20 05:34:54',21,44),(1,'2013-12-20 05:38:27',21,44),(1,'2013-12-20 05:44:16',21,44),(1,'2013-12-20 05:46:45',21,44),(1,'2013-12-20 05:54:56',21,44),(1,'2013-12-20 05:57:11',21,45),(1,'2013-12-20 06:01:55',21,44),(1,'2013-12-20 06:04:10',21,44),(1,'2013-12-20 06:06:25',21,44),(1,'2013-12-20 06:10:16',21,44),(1,'2013-12-20 06:12:45',20,44),(1,'2013-12-20 06:15:39',21,44),(1,'2013-12-20 06:20:52',21,44),(1,'2013-12-20 06:24:25',21,44),(1,'2013-12-20 06:30:56',21,44),(1,'2013-12-20 06:34:05',21,44),(1,'2013-12-20 06:36:44',21,45),(1,'2013-12-20 06:39:24',21,44),(1,'2013-12-20 06:43:01',21,44),(1,'2013-12-20 06:45:19',22,44),(1,'2013-12-20 06:47:45',21,44),(1,'2013-12-20 06:50:18',22,44),(1,'2013-12-20 06:52:22',21,44),(1,'2013-12-20 06:55:12',22,44),(1,'2013-12-20 06:57:13',22,44),(1,'2013-12-20 07:01:22',22,44),(1,'2013-12-20 07:04:02',22,44),(1,'2013-12-20 07:06:38',22,44),(1,'2013-12-20 07:08:46',22,45),(1,'2013-12-20 07:12:05',22,44),(1,'2013-12-20 07:14:30',22,44),(1,'2013-12-20 07:17:31',22,44),(1,'2013-12-20 07:19:44',22,44),(1,'2013-12-20 07:22:06',21,44),(1,'2013-12-20 07:25:57',22,44),(1,'2013-12-20 07:29:48',22,44),(1,'2013-12-20 07:32:17',22,44),(1,'2013-12-20 07:34:21',22,45),(1,'2013-12-20 07:37:33',22,44),(1,'2013-12-20 07:40:17',22,44),(1,'2013-12-20 07:42:17',22,45),(1,'2013-12-20 07:48:13',22,44),(1,'2013-12-20 07:50:17',21,44),(1,'2013-12-20 07:52:18',22,44),(1,'2013-12-20 07:54:25',22,45),(1,'2013-12-20 07:57:27',22,44),(1,'2013-12-20 07:59:49',22,44),(1,'2013-12-20 08:02:46',22,44),(1,'2013-12-20 08:05:15',22,44),(1,'2013-12-20 08:07:27',21,44),(1,'2013-12-20 08:09:42',22,45),(1,'2013-12-20 08:12:25',21,44),(1,'2013-12-20 08:16:02',21,45),(1,'2013-12-20 08:18:09',21,45),(1,'2013-12-20 08:20:39',22,44),(1,'2013-12-20 08:22:53',22,44),(1,'2013-12-20 08:25:44',22,44),(1,'2013-12-20 08:27:52',22,45),(1,'2013-12-20 08:33:26',21,44),(1,'2013-12-20 08:39:04',21,45),(1,'2013-12-20 08:41:22',21,45),(1,'2013-12-20 08:44:02',21,44),(1,'2013-12-20 08:46:28',21,44),(1,'2013-12-20 08:49:04',21,44),(1,'2013-12-20 08:54:17',21,44),(1,'2013-12-20 08:56:17',21,44),(1,'2013-12-20 08:58:22',21,45),(1,'2013-12-20 09:02:27',21,44),(1,'2013-12-20 09:07:04',21,44),(1,'2013-12-20 09:09:08',21,45),(1,'2013-12-20 09:11:48',21,45),(1,'2013-12-20 09:15:00',21,45),(1,'2013-12-20 09:18:51',21,44),(1,'2013-12-20 09:21:17',21,44),(1,'2013-12-20 09:23:49',21,44),(1,'2013-12-20 09:30:17',21,45),(1,'2013-12-20 09:34:15',21,44),(1,'2013-12-20 09:36:33',21,45),(1,'2013-12-20 09:39:06',21,45),(1,'2013-12-20 09:41:25',21,45),(1,'2013-12-20 09:45:48',21,44),(1,'2013-12-20 09:48:49',21,44),(1,'2013-12-20 09:50:53',21,45),(1,'2013-12-20 09:53:58',21,44),(1,'2013-12-20 09:57:35',21,13),(1,'2013-12-20 10:00:53',21,44),(1,'2013-12-20 10:03:48',21,44),(1,'2013-12-20 10:06:06',21,44),(1,'2013-12-20 10:08:46',21,45),(1,'2013-12-20 10:13:37',42,24),(1,'2013-12-20 10:15:49',21,45),(1,'2013-12-20 10:19:40',21,44),(1,'2013-12-20 10:25:00',21,44),(1,'2013-12-20 10:29:01',21,44),(1,'2013-12-20 10:31:09',21,45),(1,'2013-12-20 10:38:09',21,44),(1,'2013-12-20 10:40:27',21,45),(1,'2013-12-20 10:42:31',21,45),(1,'2013-12-20 10:46:37',21,45),(1,'2013-12-20 10:50:20',21,44),(1,'2013-12-20 10:52:53',21,44),(1,'2013-12-20 10:55:01',21,45),(1,'2013-12-20 10:57:02',21,44),(1,'2013-12-20 10:59:45',21,44),(1,'2013-12-20 11:01:49',21,45),(1,'2013-12-20 11:05:58',21,44),(1,'2013-12-20 11:14:48',21,45),(1,'2013-12-20 11:21:15',21,45),(1,'2013-12-20 11:24:31',21,45),(1,'2013-12-20 11:28:25',21,45),(1,'2013-12-20 11:31:01',21,45),(1,'2013-12-20 11:37:22',21,44),(1,'2013-12-20 11:39:26',21,45),(1,'2013-12-20 11:49:06',21,45),(1,'2013-12-20 11:52:50',21,44),(1,'2013-12-20 11:55:30',21,44),(1,'2013-12-20 11:57:52',21,45),(1,'2013-12-20 12:00:03',21,45),(1,'2013-12-20 12:02:36',21,45),(1,'2013-12-20 12:07:07',21,44),(1,'2013-12-20 12:09:29',21,44),(1,'2013-12-20 12:12:02',21,45),(1,'2013-12-20 12:14:06',21,45),(1,'2013-12-20 12:17:39',21,45),(1,'2013-12-20 12:19:54',21,45),(1,'2013-12-20 12:22:16',21,44),(1,'2013-12-20 12:25:14',21,44),(1,'2013-12-20 12:27:39',21,44),(1,'2013-12-20 12:29:47',21,45),(1,'2013-12-20 12:32:06',21,45),(1,'2013-12-20 12:35:21',21,45),(1,'2013-12-20 12:38:19',21,45),(1,'2013-12-20 12:41:27',21,45),(1,'2013-12-20 12:43:28',21,44),(1,'2013-12-20 12:45:53',21,45),(1,'2013-12-20 12:48:15',21,44),(1,'2013-12-20 12:51:31',21,45),(1,'2013-12-20 12:54:17',21,45),(1,'2013-12-20 12:57:40',21,44),(1,'2013-12-20 12:59:48',21,45),(1,'2013-12-20 13:03:11',21,44),(1,'2013-12-20 13:06:30',21,44),(1,'2013-12-20 13:09:31',21,45),(1,'2013-12-20 13:14:05',21,45),(1,'2013-12-20 13:16:09',21,45),(1,'2013-12-20 13:18:56',21,44),(1,'2013-12-20 13:21:18',21,44),(1,'2013-12-20 13:25:30',21,44),(1,'2013-12-20 13:27:35',21,45),(1,'2013-12-20 13:30:07',21,45),(1,'2013-12-20 13:32:19',21,45),(1,'2013-12-20 13:34:26',21,45),(1,'2013-12-20 13:38:14',21,45),(1,'2013-12-20 13:41:40',21,44),(1,'2013-12-20 13:43:44',21,45),(1,'2013-12-20 13:47:49',21,45),(1,'2013-12-20 13:50:43',21,45),(1,'2013-12-20 13:59:01',21,44),(1,'2013-12-20 14:01:16',21,44),(1,'2013-12-20 14:04:35',21,45),(1,'2013-12-20 14:06:47',21,45),(1,'2013-12-20 14:09:19',21,44),(1,'2013-12-20 14:12:35',21,11),(1,'2013-12-20 14:15:25',21,44),(1,'2013-12-20 14:18:23',21,44),(1,'2013-12-20 14:20:59',21,44),(1,'2013-12-20 14:23:32',21,45),(1,'2013-12-20 14:26:36',21,44),(1,'2013-12-20 14:28:41',21,45),(1,'2013-12-20 14:35:26',21,44),(1,'2013-12-20 14:39:56',21,45),(1,'2013-12-20 14:43:01',20,46),(1,'2013-12-20 14:48:00',20,46),(1,'2013-12-20 14:53:16',21,44),(1,'2013-12-20 14:57:57',21,44),(1,'2013-12-20 15:00:54',21,45),(1,'2013-12-20 15:05:14',21,44),(1,'2013-12-20 15:07:25',20,46),(1,'2013-12-20 15:11:16',20,45),(1,'2013-12-20 15:13:27',20,45),(1,'2013-12-20 15:17:22',21,44),(1,'2013-12-20 15:20:27',20,45),(1,'2013-12-20 15:26:47',21,44),(1,'2013-12-20 15:30:02',21,45),(1,'2013-12-20 15:33:46',20,45),(1,'2013-12-20 15:37:37',20,45),(1,'2013-12-20 15:44:41',21,44),(1,'2013-12-20 15:49:26',21,44),(1,'2013-12-20 15:51:55',20,46),(1,'2013-12-20 15:56:28',21,44),(1,'2013-12-20 15:58:40',20,45),(1,'2013-12-20 16:01:12',20,45),(1,'2013-12-20 16:03:13',21,44),(1,'2013-12-20 16:06:57',21,44),(1,'2013-12-20 16:09:19',21,44),(1,'2013-12-20 16:11:34',21,44),(1,'2013-12-20 16:13:35',21,44),(1,'2013-12-20 16:15:35',20,45),(1,'2013-12-20 16:17:39',21,44),(1,'2013-12-20 16:19:40',21,44),(1,'2013-12-20 16:21:55',20,45),(1,'2013-12-20 16:23:59',21,45),(1,'2013-12-20 16:26:03',20,45),(1,'2013-12-20 16:28:04',21,44),(1,'2013-12-20 16:30:04',21,45),(1,'2013-12-20 16:32:09',20,46),(1,'2013-12-20 16:34:13',21,45),(1,'2013-12-20 16:36:17',21,45),(1,'2013-12-20 16:38:18',21,44),(1,'2013-12-20 16:40:22',21,45),(1,'2013-12-20 16:42:22',21,44),(1,'2013-12-20 16:44:23',21,45),(1,'2013-12-20 16:46:24',21,45),(1,'2013-12-20 16:48:28',21,45),(1,'2013-12-20 16:50:36',21,45),(1,'2013-12-20 16:52:36',21,44),(1,'2013-12-20 16:54:37',21,45),(1,'2013-12-20 16:56:41',21,45),(1,'2013-12-20 16:58:45',21,45),(1,'2013-12-20 17:00:46',22,44),(1,'2013-12-20 17:02:47',21,45),(1,'2013-12-20 17:04:54',22,45),(1,'2013-12-20 17:06:55',21,45),(1,'2013-12-20 17:08:56',21,45),(1,'2013-12-20 17:10:56',22,45),(1,'2013-12-20 17:12:57',22,45),(1,'2013-12-20 17:14:57',22,45),(1,'2013-12-20 17:16:58',22,45),(1,'2013-12-20 17:18:59',22,45),(1,'2013-12-20 17:20:59',22,45),(1,'2013-12-20 17:23:00',22,45),(1,'2013-12-20 17:25:04',22,45),(1,'2013-12-20 17:30:15',22,45),(1,'2013-12-20 17:32:15',22,44),(1,'2013-12-20 17:35:27',22,44),(1,'2013-12-20 17:39:11',22,44),(1,'2013-12-20 17:41:44',22,45),(1,'2013-12-20 17:48:44',22,44),(1,'2013-12-20 17:51:31',22,45),(1,'2013-12-20 17:55:01',22,45),(1,'2013-12-20 17:57:55',22,13),(1,'2013-12-20 18:00:10',22,45),(1,'2013-12-20 18:05:12',22,44),(1,'2013-12-20 18:08:38',22,44),(1,'2013-12-20 18:25:58',22,44),(1,'2013-12-20 18:33:51',22,44),(1,'2013-12-20 18:45:33',22,44),(1,'2013-12-20 18:51:53',22,44),(1,'2013-12-20 18:58:11',22,44),(1,'2013-12-20 19:11:46',22,44),(1,'2013-12-20 19:14:37',22,44),(1,'2013-12-20 19:20:18',252,5),(1,'2013-12-20 19:25:42',22,44),(1,'2013-12-20 19:32:56',22,44),(1,'2013-12-20 19:37:48',22,45),(1,'2013-12-20 19:47:46',143,10),(1,'2013-12-20 19:51:19',22,44),(1,'2013-12-20 19:57:58',22,44),(1,'2013-12-20 20:01:02',22,44),(1,'2013-12-20 20:03:07',22,45),(1,'2013-12-20 20:05:46',22,44),(1,'2013-12-20 20:08:55',22,44),(1,'2013-12-20 20:11:42',22,44),(1,'2013-12-20 20:15:01',22,44),(1,'2013-12-20 20:19:45',22,44),(1,'2013-12-20 20:22:21',22,44),(1,'2013-12-20 20:24:36',22,44),(1,'2013-12-20 20:26:44',22,44),(1,'2013-12-20 20:28:59',22,45),(1,'2013-12-20 20:32:57',22,44),(1,'2013-12-20 20:35:16',22,44),(1,'2013-12-20 20:37:41',22,44),(1,'2013-12-20 20:40:28',22,44),(1,'2013-12-20 20:43:04',22,44),(1,'2013-12-20 20:45:34',22,44),(1,'2013-12-20 20:48:03',22,44),(1,'2013-12-20 20:50:18',22,44),(1,'2013-12-20 20:53:22',22,44),(1,'2013-12-20 20:58:24',22,44),(1,'2013-12-20 21:00:32',22,44),(1,'2013-12-20 21:02:47',22,44),(1,'2013-12-20 21:08:11',22,44),(1,'2013-12-20 21:12:09',22,44),(1,'2013-12-20 21:14:31',22,44),(1,'2013-12-20 21:18:08',22,44),(1,'2013-12-20 21:20:30',22,44),(1,'2013-12-20 21:22:41',22,44),(1,'2013-12-20 21:28:08',22,44),(1,'2013-12-20 21:30:41',22,44),(1,'2013-12-20 21:32:52',22,44),(1,'2013-12-20 21:34:56',22,45),(1,'2013-12-20 21:36:57',22,44),(1,'2013-12-20 21:39:05',22,44),(1,'2013-12-20 21:41:23',22,44),(1,'2013-12-20 21:43:27',22,45),(1,'2013-12-20 21:46:25',22,44),(1,'2013-12-20 21:51:49',22,44),(1,'2013-12-20 21:54:57',22,45),(1,'2013-12-20 21:57:22',22,45),(1,'2013-12-20 21:59:37',22,45),(1,'2013-12-20 22:02:39',22,44),(1,'2013-12-20 22:05:47',22,44),(1,'2013-12-20 22:07:48',22,44),(1,'2013-12-20 22:09:52',22,45),(1,'2013-12-20 22:12:10',22,44),(1,'2013-12-20 22:15:29',22,44),(1,'2013-12-20 22:17:30',22,44),(1,'2013-12-20 22:19:52',22,44),(1,'2013-12-20 22:23:43',22,44),(1,'2013-12-20 22:26:01',22,44),(1,'2013-12-20 22:29:06',22,45),(1,'2013-12-20 22:31:07',22,44),(1,'2013-12-20 22:33:07',22,45),(1,'2013-12-20 22:35:08',22,45),(1,'2013-12-20 22:37:16',22,45),(1,'2013-12-20 22:39:20',22,44),(1,'2013-12-20 22:44:54',22,44),(1,'2013-12-20 22:47:23',22,44),(1,'2013-12-20 22:49:45',22,44),(1,'2013-12-20 22:51:50',22,45),(1,'2013-12-20 22:54:12',22,44),(1,'2013-12-20 22:57:59',22,44),(1,'2013-12-20 23:00:00',22,44),(1,'2013-12-20 23:02:18',22,44),(1,'2013-12-20 23:04:47',22,44),(1,'2013-12-20 23:06:48',22,44),(1,'2013-12-20 23:09:14',22,44),(1,'2013-12-20 23:11:21',22,44),(1,'2013-12-20 23:13:47',22,44),(1,'2013-12-20 23:16:34',22,44),(1,'2013-12-20 23:19:17',22,44),(1,'2013-12-20 23:21:39',22,44),(1,'2013-12-20 23:24:51',22,44),(1,'2013-12-20 23:27:31',22,44),(1,'2013-12-20 23:32:33',23,43),(1,'2013-12-20 23:36:53',23,43),(1,'2013-12-20 23:38:53',22,44),(1,'2013-12-20 23:41:58',22,45),(1,'2013-12-20 23:44:38',22,44),(1,'2013-12-20 23:51:02',22,44),(1,'2013-12-20 23:53:49',22,45),(1,'2013-12-20 23:56:46',22,44),(1,'2013-12-20 23:59:05',22,44),(1,'2013-12-21 00:02:42',22,44),(1,'2013-12-21 00:06:15',22,44),(1,'2013-12-21 00:08:40',22,44),(1,'2013-12-21 00:11:24',22,44),(1,'2013-12-21 00:13:49',22,44),(1,'2013-12-21 00:16:33',22,44),(1,'2013-12-21 00:19:23',22,44),(1,'2013-12-21 00:23:03',22,44),(1,'2013-12-21 00:25:08',22,44),(1,'2013-12-21 00:29:02',22,44),(1,'2013-12-21 00:31:28',22,44),(1,'2013-12-21 00:35:01',22,44),(1,'2013-12-21 00:37:34',22,44),(1,'2013-12-21 00:41:21',22,44),(1,'2013-12-21 00:43:57',22,44),(1,'2013-12-21 00:46:16',22,44),(1,'2013-12-21 00:50:39',22,43),(1,'2013-12-21 00:53:12',22,44),(1,'2013-12-21 00:55:12',22,44),(1,'2013-12-21 00:58:42',22,44),(1,'2013-12-21 01:00:50',22,44),(1,'2013-12-21 01:05:48',22,43),(1,'2013-12-21 01:08:46',22,44),(1,'2013-12-21 01:11:15',22,43),(1,'2013-12-21 01:13:55',22,10),(1,'2013-12-21 01:16:45',22,44),(1,'2013-12-21 01:20:08',22,44),(1,'2013-12-21 01:22:16',22,44),(1,'2013-12-21 01:24:55',22,44),(1,'2013-12-21 01:28:25',22,44),(1,'2013-12-21 01:31:23',22,44),(1,'2013-12-21 01:33:52',22,44),(1,'2013-12-21 01:36:21',22,43),(1,'2013-12-21 01:40:40',22,44),(1,'2013-12-21 01:42:48',22,43),(1,'2013-12-21 01:45:14',22,44),(1,'2013-12-21 01:47:18',22,44),(1,'2013-12-21 01:49:54',22,44),(1,'2013-12-21 01:53:10',44,20),(1,'2013-12-21 01:56:04',22,44),(1,'2013-12-21 01:58:12',22,44),(1,'2013-12-21 02:01:13',22,43),(1,'2013-12-21 02:04:03',22,43),(1,'2013-12-21 02:08:05',22,43),(1,'2013-12-21 02:11:35',22,43),(1,'2013-12-21 02:14:39',22,43),(1,'2013-12-21 02:19:13',22,43),(1,'2013-12-21 02:22:03',22,43),(1,'2013-12-21 02:25:51',22,43),(1,'2013-12-21 02:28:06',22,43),(1,'2013-12-21 02:30:17',22,43),(1,'2013-12-21 02:32:43',22,43),(1,'2013-12-21 02:34:47',22,44),(1,'2013-12-21 02:36:51',22,43),(1,'2013-12-21 02:39:20',22,42),(1,'2013-12-21 02:41:49',22,43),(1,'2013-12-21 02:44:40',22,43),(1,'2013-12-21 02:47:20',22,43),(1,'2013-12-21 02:49:20',22,43),(1,'2013-12-21 02:52:07',22,42),(1,'2013-12-21 02:54:08',22,43),(1,'2013-12-21 02:57:09',22,43),(1,'2013-12-21 02:59:35',22,42),(1,'2013-12-21 03:01:53',22,42),(1,'2013-12-21 03:03:57',22,44),(1,'2013-12-21 03:08:13',22,43),(1,'2013-12-21 03:10:35',22,42),(1,'2013-12-21 03:13:04',22,43),(1,'2013-12-21 03:17:42',22,43),(1,'2013-12-21 03:20:14',22,43),(1,'2013-12-21 03:23:26',22,43),(1,'2013-12-21 03:25:48',22,43),(1,'2013-12-21 03:30:48',22,43),(1,'2013-12-21 03:33:35',22,43),(1,'2013-12-21 03:35:46',22,43),(1,'2013-12-21 03:39:02',22,43),(1,'2013-12-21 03:42:46',22,43),(1,'2013-12-21 03:45:08',22,43),(1,'2013-12-21 03:47:23',22,44),(1,'2013-12-21 03:49:48',22,42),(1,'2013-12-21 03:52:00',22,43),(1,'2013-12-21 03:54:18',22,43),(1,'2013-12-21 03:58:52',22,42),(1,'2013-12-21 04:01:35',22,42),(1,'2013-12-21 04:04:50',22,42),(1,'2013-12-21 04:07:23',22,42),(1,'2013-12-21 04:09:31',22,43),(1,'2013-12-21 04:11:39',22,43),(1,'2013-12-21 04:14:40',22,42),(1,'2013-12-21 04:18:09',22,43),(1,'2013-12-21 04:20:53',22,43),(1,'2013-12-21 04:23:08',10,54),(1,'2013-12-21 04:25:19',22,43),(1,'2013-12-21 04:27:27',21,43),(1,'2013-12-21 04:30:19',22,43),(1,'2013-12-21 04:34:24',22,43),(1,'2013-12-21 04:36:35',22,43),(1,'2013-12-21 04:40:05',22,43),(1,'2013-12-21 04:42:13',22,43),(1,'2013-12-21 04:45:46',42,22),(1,'2013-12-21 04:47:50',21,44),(1,'2013-12-21 04:49:54',21,44),(1,'2013-12-21 04:54:46',44,20),(1,'2013-12-21 04:57:25',21,43),(1,'2013-12-21 04:59:48',21,43),(1,'2013-12-21 05:03:21',21,43),(1,'2013-12-21 05:05:50',22,42),(1,'2013-12-21 05:08:15',22,42),(1,'2013-12-21 05:10:27',21,10),(1,'2013-12-21 05:12:28',21,43),(1,'2013-12-21 05:15:04',21,42),(1,'2013-12-21 05:17:34',21,42),(1,'2013-12-21 05:19:45',42,22),(1,'2013-12-21 05:21:49',21,42),(1,'2013-12-21 05:24:08',21,43),(1,'2013-12-21 05:27:37',21,43),(1,'2013-12-21 05:29:49',21,43),(1,'2013-12-21 05:35:55',21,42),(1,'2013-12-21 05:38:17',21,43),(1,'2013-12-21 05:40:39',21,42),(1,'2013-12-21 05:43:43',21,42),(1,'2013-12-21 05:45:51',21,42),(1,'2013-12-21 05:47:52',21,43),(1,'2013-12-21 05:52:58',21,42),(1,'2013-12-21 05:55:52',21,43),(1,'2013-12-21 05:59:11',21,43),(1,'2013-12-21 06:01:50',21,10),(1,'2013-12-21 06:05:34',10,54),(1,'2013-12-21 06:07:35',21,43),(1,'2013-12-21 06:09:57',21,42),(1,'2013-12-21 06:12:05',21,42),(1,'2013-12-21 06:14:38',21,42),(1,'2013-12-21 06:17:21',21,42),(1,'2013-12-21 06:19:32',21,42),(1,'2013-12-21 06:21:51',21,43),(1,'2013-12-21 06:24:31',21,43),(1,'2013-12-21 06:28:18',21,42),(1,'2013-12-21 06:31:08',21,42),(1,'2013-12-21 06:33:14',42,22),(1,'2013-12-21 06:35:22',21,43),(1,'2013-12-21 06:38:05',21,42),(1,'2013-12-21 06:40:52',21,42),(1,'2013-12-21 06:45:19',21,43),(1,'2013-12-21 06:47:33',21,42),(1,'2013-12-21 06:50:17',21,42),(1,'2013-12-21 06:53:25',21,42),(1,'2013-12-21 06:57:06',21,34),(1,'2013-12-21 06:59:52',21,42),(1,'2013-12-21 07:03:33',21,42),(1,'2013-12-21 07:08:42',21,42),(1,'2013-12-21 07:14:23',21,42),(1,'2013-12-21 07:19:54',21,42),(1,'2013-12-21 07:28:37',21,42),(1,'2013-12-21 07:35:33',21,42),(1,'2013-12-21 07:39:17',22,43),(1,'2013-12-21 07:43:33',42,22),(1,'2013-12-21 07:49:14',22,43),(1,'2013-12-21 07:52:06',22,42),(1,'2013-12-21 07:55:14',22,42),(1,'2013-12-21 07:58:40',22,43),(1,'2013-12-21 08:00:51',22,43),(1,'2013-12-21 08:08:41',22,42),(1,'2013-12-21 08:11:28',44,20),(1,'2013-12-21 08:13:43',22,42),(1,'2013-12-21 08:16:01',22,42),(1,'2013-12-21 08:18:48',21,43),(1,'2013-12-21 08:22:07',22,43),(1,'2013-12-21 08:24:36',22,42),(1,'2013-12-21 08:27:16',22,43),(1,'2013-12-21 08:30:49',22,43),(1,'2013-12-21 08:33:11',22,43),(1,'2013-12-21 08:38:17',22,43),(1,'2013-12-21 08:42:01',22,43),(1,'2013-12-21 08:50:44',22,43),(1,'2013-12-21 08:53:06',22,43),(1,'2013-12-21 08:57:54',22,43),(1,'2013-12-21 09:00:01',22,43),(1,'2013-12-21 09:02:55',12,52),(1,'2013-12-21 09:05:21',22,42),(1,'2013-12-21 09:08:33',22,43),(1,'2013-12-21 09:10:59',22,43),(1,'2013-12-21 09:17:30',22,42),(1,'2013-12-21 09:20:49',22,42),(1,'2013-12-21 09:25:05',22,43),(1,'2013-12-21 09:31:50',22,43),(1,'2013-12-21 09:35:59',22,42),(1,'2013-12-21 09:38:50',22,43),(1,'2013-12-21 09:41:58',21,43),(1,'2013-12-21 09:53:40',23,44),(1,'2013-12-21 09:55:51',22,43),(1,'2013-12-21 09:57:59',21,43),(1,'2013-12-21 10:00:50',21,42),(1,'2013-12-21 10:03:44',21,42),(1,'2013-12-21 10:06:02',20,43),(1,'2013-12-21 10:08:24',20,44),(1,'2013-12-21 10:10:32',21,43),(1,'2013-12-21 10:12:36',21,43),(1,'2013-12-21 10:15:05',21,42),(1,'2013-12-21 10:17:42',21,43),(1,'2013-12-21 10:19:53',21,42),(1,'2013-12-21 10:22:04',42,22),(1,'2013-12-21 10:25:55',21,42),(1,'2013-12-21 10:28:49',21,42),(1,'2013-12-21 10:30:53',21,43),(1,'2013-12-21 10:33:19',21,43),(1,'2013-12-21 10:35:30',21,43),(1,'2013-12-21 10:37:36',21,43),(1,'2013-12-21 10:39:51',20,45),(1,'2013-12-21 10:41:59',21,43),(1,'2013-12-21 10:44:03',20,46),(1,'2013-12-21 10:46:58',42,22),(1,'2013-12-21 10:49:23',21,45),(1,'2013-12-21 10:51:28',21,43),(1,'2013-12-21 10:53:28',21,43),(1,'2013-12-22 10:16:40',22,48),(1,'2013-12-22 10:18:40',22,47),(1,'2013-12-22 10:20:41',22,47),(1,'2013-12-22 10:22:49',22,46),(1,'2013-12-22 10:24:56',22,45),(1,'2013-12-22 10:27:01',22,45),(1,'2013-12-22 10:29:01',22,45),(1,'2013-12-22 10:31:20',22,45),(1,'2013-12-22 10:33:28',22,45),(1,'2013-12-22 10:36:04',22,45),(1,'2013-12-22 10:38:22',22,45),(1,'2013-12-22 10:40:22',22,44),(1,'2013-12-22 10:43:06',22,45),(1,'2013-12-22 10:45:10',22,44),(1,'2013-12-22 10:47:11',23,43),(1,'2013-12-22 10:49:43',22,44),(1,'2013-12-22 10:52:19',22,45),(1,'2013-12-22 10:55:13',22,45),(1,'2013-12-22 10:57:28',22,46),(1,'2013-12-22 10:59:32',22,46),(1,'2013-12-22 11:01:43',22,46),(1,'2013-12-22 11:04:02',22,46),(1,'2013-12-22 11:07:43',22,45),(1,'2013-12-22 11:12:15',22,44),(1,'2013-12-22 11:15:09',22,45),(1,'2013-12-22 11:17:34',22,45),(1,'2013-12-22 11:20:18',22,44),(1,'2013-12-22 11:24:12',22,44),(1,'2013-12-22 11:26:27',22,44),(1,'2013-12-22 11:28:42',22,44),(1,'2013-12-22 11:31:18',22,43),(1,'2013-12-22 11:33:26',22,44),(1,'2013-12-22 11:35:34',22,44),(1,'2013-12-22 11:38:31',22,44),(1,'2013-12-22 11:40:50',22,44),(1,'2013-12-22 11:43:08',22,44),(1,'2013-12-22 11:45:13',22,44),(1,'2013-12-22 11:47:20',22,44),(1,'2013-12-22 11:49:25',22,44),(1,'2013-12-22 11:51:54',22,44),(1,'2013-12-22 11:54:16',22,44),(1,'2013-12-22 11:56:20',22,44),(1,'2013-12-22 11:58:21',22,44),(1,'2013-12-22 12:00:50',22,44),(1,'2013-12-22 12:03:08',22,44),(1,'2013-12-22 12:05:20',22,44),(1,'2013-12-22 12:07:49',22,44),(1,'2013-12-22 12:10:18',22,44),(1,'2013-12-22 12:12:47',22,44),(1,'2013-12-22 12:14:51',22,44),(1,'2013-12-22 12:17:10',22,44),(1,'2013-12-22 12:19:39',22,44),(1,'2013-12-22 12:22:37',22,44),(1,'2013-12-22 12:24:44',22,44),(1,'2013-12-22 12:27:31',22,44),(1,'2013-12-22 12:29:39',22,44),(1,'2013-12-22 12:32:12',22,44),(1,'2013-12-22 12:34:14',22,44),(1,'2013-12-22 12:36:28',22,44),(1,'2013-12-22 12:38:43',22,44),(1,'2013-12-22 12:41:02',22,44),(1,'2013-12-22 12:43:27',22,44),(1,'2013-12-22 12:45:49',22,45),(1,'2013-12-22 12:48:11',22,44),(1,'2013-12-22 12:50:37',21,44),(1,'2013-12-22 12:52:59',21,44),(1,'2013-12-22 12:55:07',21,44),(1,'2013-12-22 12:57:18',22,44),(1,'2013-12-22 12:59:22',21,45),(1,'2013-12-22 13:01:59',21,44),(1,'2013-12-22 13:04:42',21,44),(1,'2013-12-22 13:07:04',22,45),(1,'2013-12-22 13:10:23',22,44),(1,'2013-12-22 13:12:56',22,45),(1,'2013-12-22 13:14:32',22,45),(1,'2013-12-22 13:17:30',22,45),(1,'2013-12-22 13:20:24',22,44),(1,'2013-12-22 13:22:46',22,45),(1,'2013-12-22 13:24:50',22,45),(1,'2013-12-22 13:26:51',22,45),(1,'2013-12-22 13:28:51',22,45),(1,'2013-12-22 13:30:59',22,45),(1,'2013-12-22 13:33:00',22,45),(1,'2013-12-22 13:35:36',21,44),(1,'2013-12-22 13:37:58',21,44),(1,'2013-12-22 13:40:13',22,45),(1,'2013-12-22 13:42:56',22,44),(1,'2013-12-22 13:45:08',22,44),(1,'2013-12-22 13:47:26',22,44),(1,'2013-12-22 13:49:48',22,44),(1,'2013-12-22 13:52:07',22,45),(1,'2013-12-22 13:54:07',22,44),(1,'2013-12-22 13:56:08',22,45),(1,'2013-12-22 13:58:12',22,44),(1,'2013-12-22 14:00:24',22,44),(1,'2013-12-22 14:02:46',22,45),(1,'2013-12-22 14:04:53',22,44),(1,'2013-12-22 14:07:20',21,44),(1,'2013-12-22 14:09:42',22,44),(1,'2013-12-22 14:11:43',21,45),(1,'2013-12-22 14:13:44',22,44),(1,'2013-12-22 14:15:48',22,45),(1,'2013-12-22 14:17:52',22,44),(1,'2013-12-22 14:20:11',22,44),(1,'2013-12-22 14:22:18',22,44),(1,'2013-12-22 14:24:33',22,44),(1,'2013-12-22 14:26:55',22,44),(1,'2013-12-22 14:29:00',21,45),(1,'2013-12-22 14:31:25',22,44),(1,'2013-12-22 14:33:40',22,44),(1,'2013-12-22 14:35:41',22,44),(1,'2013-12-22 14:37:48',21,44),(1,'2013-12-22 14:39:49',22,44),(1,'2013-12-22 14:42:00',22,44),(1,'2013-12-22 14:44:05',22,45),(1,'2013-12-22 14:46:12',22,44),(1,'2013-12-22 14:48:20',21,44),(1,'2013-12-22 14:50:21',22,44),(1,'2013-12-22 14:52:57',21,44),(1,'2013-12-22 14:55:03',21,45),(1,'2013-12-22 14:57:07',22,44),(1,'2013-12-22 14:59:18',22,44),(1,'2013-12-22 15:01:47',22,44),(1,'2013-12-22 15:03:48',22,44),(1,'2013-12-22 15:05:56',22,44),(1,'2013-12-22 15:08:21',22,44),(1,'2013-12-22 15:10:33',21,44),(1,'2013-12-22 15:12:51',22,44),(1,'2013-12-22 15:14:52',22,44),(1,'2013-12-22 15:17:57',22,44),(1,'2013-12-22 15:20:33',22,44),(1,'2013-12-22 15:22:55',22,44),(1,'2013-12-22 15:24:56',22,44),(1,'2013-12-22 15:27:00',21,44),(1,'2013-12-22 15:29:00',22,44),(1,'2013-12-22 15:31:51',22,44),(1,'2013-12-22 15:34:20',21,44),(1,'2013-12-22 15:36:32',21,44),(1,'2013-12-22 15:39:36',21,44),(1,'2013-12-22 15:41:59',22,44),(1,'2013-12-22 15:44:32',22,44),(1,'2013-12-22 15:46:43',22,43),(1,'2013-12-22 15:49:19',22,44),(1,'2013-12-22 15:51:31',22,44),(1,'2013-12-22 15:54:14',21,44),(1,'2013-12-22 15:56:25',22,44),(1,'2013-12-22 15:59:09',22,44),(1,'2013-12-22 16:01:13',22,45),(1,'2013-12-22 16:03:14',22,44),(1,'2013-12-22 16:05:25',22,44),(1,'2013-12-22 16:07:33',22,44),(1,'2013-12-22 16:09:48',22,44),(1,'2013-12-22 16:12:03',22,43),(1,'2013-12-22 16:14:21',22,44),(1,'2013-12-22 16:16:29',22,43),(1,'2013-12-22 16:18:33',22,44),(1,'2013-12-22 16:20:48',22,44),(1,'2013-12-22 16:22:56',22,44),(1,'2013-12-22 16:25:04',22,43),(1,'2013-12-22 16:27:04',21,44),(1,'2013-12-22 16:29:23',22,44),(1,'2013-12-22 16:31:27',21,44),(1,'2013-12-22 16:33:35',22,44),(1,'2013-12-22 16:35:35',22,44),(1,'2013-12-22 16:37:50',22,44),(1,'2013-12-22 16:39:51',21,44),(1,'2013-12-22 16:44:50',22,44),(1,'2013-12-22 16:48:05',22,43),(1,'2013-12-22 16:50:16',22,44),(1,'2013-12-22 16:53:07',22,43),(1,'2013-12-22 16:55:22',22,44),(1,'2013-12-22 16:59:06',22,43),(1,'2013-12-22 17:01:17',20,44),(1,'2013-12-22 17:03:53',22,44),(1,'2013-12-22 17:07:01',22,43),(1,'2013-12-22 17:09:16',22,44),(1,'2013-12-22 17:11:21',21,44),(1,'2013-12-22 17:13:21',21,44),(1,'2013-12-22 17:15:22',22,44),(1,'2013-12-22 17:17:40',22,43),(1,'2013-12-22 17:20:10',22,44),(1,'2013-12-22 17:22:17',21,44),(1,'2013-12-22 17:25:33',22,43),(1,'2013-12-22 17:28:09',22,43),(1,'2013-12-22 17:30:22',22,43),(1,'2013-12-22 17:32:26',22,44),(1,'2013-12-22 17:34:26',22,43),(1,'2013-12-22 17:36:38',22,43),(1,'2013-12-22 17:39:28',22,43),(1,'2013-12-22 17:41:36',22,44),(1,'2013-12-22 17:43:40',22,44),(1,'2013-12-22 17:45:55',22,44),(1,'2013-12-22 17:48:53',21,44),(1,'2013-12-22 17:51:51',22,44),(1,'2013-12-22 17:54:02',21,43),(1,'2013-12-22 17:56:28',21,44),(1,'2013-12-22 17:59:51',21,44),(1,'2013-12-22 18:03:06',21,44),(1,'2013-12-22 18:05:17',21,44),(1,'2013-12-22 18:07:22',21,44),(1,'2013-12-22 18:09:29',21,44),(1,'2013-12-22 18:13:06',21,44),(1,'2013-12-22 18:15:07',22,45),(1,'2013-12-22 18:19:01',22,44),(1,'2013-12-22 18:21:20',22,44),(1,'2013-12-22 18:23:31',22,44),(1,'2013-12-22 18:25:42',22,44),(1,'2013-12-22 18:29:05',22,43),(1,'2013-12-22 18:31:38',22,44),(1,'2013-12-22 18:33:49',22,44),(1,'2013-12-22 18:36:11',22,44),(1,'2013-12-22 18:38:19',22,44),(1,'2013-12-22 18:40:19',22,44),(1,'2013-12-22 18:42:49',22,44),(1,'2013-12-22 18:45:18',22,44),(1,'2013-12-22 18:47:40',22,44),(1,'2013-12-22 18:49:55',22,44),(1,'2013-12-22 18:52:02',22,44),(1,'2013-12-22 18:54:35',22,44),(1,'2013-12-22 18:56:43',22,44),(1,'2013-12-22 18:59:01',22,44),(1,'2013-12-22 19:02:17',22,44),(1,'2013-12-22 19:04:39',22,43),(1,'2013-12-22 19:09:52',21,44),(1,'2013-12-22 19:12:03',21,44),(1,'2013-12-22 19:14:18',21,44),(1,'2013-12-22 19:16:19',21,44),(1,'2013-12-22 19:18:41',21,44),(1,'2013-12-22 19:21:28',21,44),(1,'2013-12-22 19:23:50',21,44),(1,'2013-12-22 19:26:08',21,44),(1,'2013-12-22 19:28:23',21,44),(1,'2013-12-22 19:30:24',20,45),(1,'2013-12-22 19:33:11',21,44),(1,'2013-12-22 19:36:51',21,44),(1,'2013-12-22 19:39:59',21,44),(1,'2013-12-22 19:42:46',21,44),(1,'2013-12-22 19:45:01',21,44),(1,'2013-12-22 19:49:17',22,44),(1,'2013-12-22 19:51:28',21,44),(1,'2013-12-22 19:54:15',21,44),(1,'2013-12-22 19:57:56',22,44),(1,'2013-12-22 20:00:25',21,44),(1,'2013-12-22 20:02:25',21,44),(1,'2013-12-22 20:04:47',21,44),(1,'2013-12-22 20:07:48',21,44),(1,'2013-12-22 20:09:53',21,44),(1,'2013-12-22 20:12:47',21,44),(1,'2013-12-22 20:15:23',21,44),(1,'2013-12-22 20:17:31',21,45),(1,'2013-12-22 20:19:39',22,44),(1,'2013-12-22 20:21:50',21,44),(1,'2013-12-22 20:24:19',21,44),(1,'2013-12-22 20:27:42',21,44),(1,'2013-12-22 20:29:51',21,44),(1,'2013-12-22 20:32:13',22,44),(1,'2013-12-22 20:34:20',21,44),(1,'2013-12-22 20:37:25',21,45),(1,'2013-12-22 20:39:44',21,45),(1,'2013-12-22 20:42:09',21,44),(1,'2013-12-22 20:44:20',21,45),(1,'2013-12-22 20:46:43',21,44),(1,'2013-12-22 20:49:33',21,44),(1,'2013-12-22 20:52:06',21,44),(1,'2013-12-22 20:54:17',21,44),(1,'2013-12-22 20:56:21',21,45),(1,'2013-12-22 20:58:26',21,45),(1,'2013-12-22 21:01:44',21,45),(1,'2013-12-22 21:04:21',21,44),(1,'2013-12-22 21:06:39',21,44),(1,'2013-12-22 21:09:19',21,44),(1,'2013-12-22 21:11:48',21,44),(1,'2013-12-22 21:13:59',21,44),(1,'2013-12-22 21:17:40',21,44),(1,'2013-12-22 21:19:40',21,45),(1,'2013-12-22 21:21:41',21,45),(1,'2013-12-22 21:24:46',21,44),(1,'2013-12-22 21:26:57',21,45),(1,'2013-12-22 21:29:26',21,44),(1,'2013-12-22 21:31:48',21,44),(1,'2013-12-22 21:34:00',21,44),(1,'2013-12-22 21:36:04',21,45),(1,'2013-12-22 21:38:40',21,44),(1,'2013-12-22 21:41:38',21,44),(1,'2013-12-22 21:44:03',21,44),(1,'2013-12-22 21:46:47',21,44),(1,'2013-12-22 21:49:02',21,45),(1,'2013-12-22 21:51:38',21,45),(1,'2013-12-22 21:54:18',21,44),(1,'2013-12-22 21:58:09',21,44),(1,'2013-12-22 22:00:09',21,44),(1,'2013-12-22 22:02:10',21,45),(1,'2013-12-22 22:04:11',21,44),(1,'2013-12-22 22:07:08',21,44),(1,'2013-12-22 22:09:30',21,45),(1,'2013-12-22 22:12:46',21,44),(1,'2013-12-22 22:14:54',21,44),(1,'2013-12-22 22:17:30',21,44),(1,'2013-12-22 22:19:48',21,44),(1,'2013-12-22 22:22:17',21,44),(1,'2013-12-22 22:24:29',21,45),(1,'2013-12-22 22:27:01',21,44),(1,'2013-12-22 22:29:27',21,44),(1,'2013-12-22 22:31:35',21,44),(1,'2013-12-22 22:33:43',21,45),(1,'2013-12-22 22:35:47',21,45),(1,'2013-12-22 22:37:48',21,44),(1,'2013-12-22 22:39:52',21,45),(1,'2013-12-22 22:41:56',21,44),(1,'2013-12-22 22:44:19',21,44),(1,'2013-12-22 22:46:20',21,44),(1,'2013-12-22 22:48:28',21,44),(1,'2013-12-22 22:51:00',21,44),(1,'2013-12-22 22:53:01',21,44),(1,'2013-12-22 22:55:27',21,45),(1,'2013-12-22 22:57:27',21,44),(1,'2013-12-22 22:59:28',21,45),(1,'2013-12-22 23:02:22',21,44),(1,'2013-12-22 23:04:23',21,44),(1,'2013-12-22 23:07:03',21,44),(1,'2013-12-22 23:09:53',21,44),(1,'2013-12-22 23:12:12',21,44),(1,'2013-12-22 23:14:51',21,44),(1,'2013-12-22 23:17:03',21,44),(1,'2013-12-22 23:20:29',21,44),(1,'2013-12-22 23:22:29',21,44),(1,'2013-12-22 23:24:44',21,44),(1,'2013-12-22 23:26:45',21,44),(1,'2013-12-22 23:29:00',21,44),(1,'2013-12-22 23:31:47',21,44),(1,'2013-12-22 23:35:06',21,44),(1,'2013-12-22 23:37:42',21,44),(1,'2013-12-22 23:39:57',21,44),(1,'2013-12-22 23:42:05',20,45),(1,'2013-12-22 23:44:55',21,44),(1,'2013-12-22 23:47:14',21,44),(1,'2013-12-22 23:50:01',21,45),(1,'2013-12-22 23:52:58',21,44),(1,'2013-12-22 23:55:02',21,44),(1,'2013-12-22 23:59:00',20,45),(1,'2013-12-23 00:01:19',21,44),(1,'2013-12-23 00:03:30',21,43),(1,'2013-12-23 00:05:45',21,43),(1,'2013-12-23 00:07:49',21,44),(1,'2013-12-23 00:10:26',21,44),(1,'2013-12-23 00:13:09',20,45),(1,'2013-12-23 00:15:45',20,44),(1,'2013-12-23 00:17:50',20,45),(1,'2013-12-23 00:20:04',20,45),(1,'2013-12-23 00:22:19',21,43),(1,'2013-12-23 00:24:45',20,45),(1,'2013-12-23 00:26:49',20,45),(1,'2013-12-23 00:29:08',20,45),(1,'2013-12-23 00:32:52',21,43),(1,'2013-12-23 00:34:56',20,45),(1,'2013-12-23 00:37:04',20,45),(1,'2013-12-23 00:39:11',20,44),(1,'2013-12-23 00:41:40',20,45),(1,'2013-12-23 00:43:59',21,44),(1,'2013-12-23 00:46:46',20,45),(1,'2013-12-23 00:49:01',20,45),(1,'2013-12-23 00:51:09',20,45),(1,'2013-12-23 00:53:23',20,44),(1,'2013-12-23 00:56:00',20,45),(1,'2013-12-23 00:58:08',20,44),(1,'2013-12-23 01:00:12',20,45),(1,'2013-12-23 01:03:13',20,45),(1,'2013-12-23 01:05:21',20,45),(1,'2013-12-23 01:07:28',20,44),(1,'2013-12-23 01:09:29',20,45),(1,'2013-12-23 01:11:33',20,45),(1,'2013-12-23 01:13:34',20,45),(1,'2013-12-23 01:15:38',20,45),(1,'2013-12-23 01:17:57',20,45),(1,'2013-12-23 01:20:08',20,44),(1,'2013-12-23 01:22:09',20,45),(1,'2013-12-23 01:24:09',20,45),(1,'2013-12-23 01:26:14',20,45),(1,'2013-12-23 01:28:18',20,45),(1,'2013-12-23 01:30:29',20,45),(1,'2013-12-23 01:32:44',20,44),(1,'2013-12-23 01:35:13',20,45),(1,'2013-12-23 01:37:14',20,45),(1,'2013-12-23 01:39:15',20,45),(1,'2013-12-23 01:41:51',20,44),(1,'2013-12-23 01:44:06',20,45),(1,'2013-12-23 01:47:07',20,45),(1,'2013-12-23 01:49:11',20,45),(1,'2013-12-23 01:51:12',20,45),(1,'2013-12-23 01:53:16',20,45),(1,'2013-12-23 01:55:27',20,45),(1,'2013-12-23 01:57:32',20,45),(1,'2013-12-23 01:59:50',20,45),(1,'2013-12-23 02:02:51',20,44),(1,'2013-12-23 02:05:06',20,44),(1,'2013-12-23 02:07:25',20,44),(1,'2013-12-23 02:09:50',20,45),(1,'2013-12-23 02:12:05',20,45),(1,'2013-12-23 02:15:03',20,45),(1,'2013-12-23 02:17:14',20,45),(1,'2013-12-23 02:19:22',20,44),(1,'2013-12-23 02:21:26',20,45),(1,'2013-12-23 02:23:41',20,45),(1,'2013-12-23 02:25:42',20,45),(1,'2013-12-23 02:27:49',20,45),(1,'2013-12-23 02:30:08',20,44),(1,'2013-12-23 02:33:16',20,44),(1,'2013-12-23 02:36:28',20,44),(1,'2013-12-23 02:38:43',20,44),(1,'2013-12-23 02:40:58',20,45),(1,'2013-12-23 02:42:58',20,45),(1,'2013-12-23 02:45:13',20,45),(1,'2013-12-23 02:47:39',20,45),(1,'2013-12-23 02:49:43',20,45),(1,'2013-12-23 02:51:44',20,44),(1,'2013-12-23 02:53:55',20,45),(1,'2013-12-23 02:56:03',20,45),(1,'2013-12-23 02:58:21',20,45),(1,'2013-12-23 03:00:22',20,45),(1,'2013-12-23 03:02:23',20,45),(1,'2013-12-23 03:04:41',20,44),(1,'2013-12-23 03:07:00',20,45),(1,'2013-12-23 03:09:54',20,44),(1,'2013-12-23 03:11:58',20,45),(1,'2013-12-23 03:14:09',20,44),(1,'2013-12-23 03:16:21',20,45),(1,'2013-12-23 03:18:36',20,44),(1,'2013-12-23 03:20:50',20,44),(1,'2013-12-23 03:24:13',20,44),(1,'2013-12-23 03:26:17',20,45),(1,'2013-12-23 03:29:15',20,45),(1,'2013-12-23 03:31:15',20,45),(1,'2013-12-23 03:33:27',20,45),(1,'2013-12-23 03:35:31',20,44),(1,'2013-12-23 03:37:35',20,45),(1,'2013-12-23 03:41:44',20,44),(1,'2013-12-23 03:44:49',20,45),(1,'2013-12-23 03:47:18',20,45),(1,'2013-12-23 03:49:58',20,45),(1,'2013-12-23 03:52:02',20,45),(1,'2013-12-23 03:55:03',20,45),(1,'2013-12-23 03:57:21',20,44),(1,'2013-12-23 03:59:43',20,44),(1,'2013-12-23 04:02:27',20,45),(1,'2013-12-23 04:05:07',20,44),(1,'2013-12-23 04:08:43',20,44),(1,'2013-12-23 04:11:02',20,45),(1,'2013-12-23 04:13:45',20,44),(1,'2013-12-23 04:15:57',20,45),(1,'2013-12-23 04:19:16',20,45),(1,'2013-12-23 04:22:31',20,45),(1,'2013-12-23 04:24:32',20,44),(1,'2013-12-23 04:26:54',20,44),(1,'2013-12-23 04:30:55',20,45),(1,'2013-12-23 04:33:28',20,44),(1,'2013-12-23 04:35:54',20,45),(1,'2013-12-23 04:38:23',20,45),(1,'2013-12-23 04:40:23',20,44),(1,'2013-12-23 04:43:46',20,45),(1,'2013-12-23 04:46:22',20,44),(1,'2013-12-23 04:48:30',20,45),(1,'2013-12-23 04:50:31',20,45),(1,'2013-12-23 04:52:49',20,44),(1,'2013-12-23 04:54:53',20,45),(1,'2013-12-23 04:57:01',20,45),(1,'2013-12-23 04:59:23',20,44),(1,'2013-12-23 05:01:31',20,44),(1,'2013-12-23 05:04:50',20,45),(1,'2013-12-23 05:07:37',20,44),(1,'2013-12-23 05:10:13',20,44),(1,'2013-12-23 05:12:53',20,44),(1,'2013-12-23 05:15:26',20,45),(1,'2013-12-23 05:19:02',20,44),(1,'2013-12-23 05:21:03',20,45),(1,'2013-12-23 05:23:07',19,45),(1,'2013-12-23 05:25:15',20,44),(1,'2013-12-23 05:27:44',19,44),(1,'2013-12-23 05:30:13',20,45),(1,'2013-12-23 05:32:17',20,44),(1,'2013-12-23 05:34:29',20,45),(1,'2013-12-23 05:37:01',20,45),(1,'2013-12-23 05:39:02',20,44),(1,'2013-12-23 05:41:10',20,44),(1,'2013-12-23 05:43:14',20,45),(1,'2013-12-23 05:45:29',20,44),(1,'2013-12-23 05:47:30',20,44),(1,'2013-12-23 05:50:52',19,44),(1,'2013-12-23 05:52:53',20,44),(1,'2013-12-23 05:58:06',20,44),(1,'2013-12-23 06:00:24',20,44),(1,'2013-12-23 06:02:46',20,44),(1,'2013-12-23 06:04:51',19,44),(1,'2013-12-23 06:06:58',20,44),(1,'2013-12-23 06:09:03',20,44),(1,'2013-12-23 06:11:42',20,44),(1,'2013-12-23 06:14:08',20,44),(1,'2013-12-23 06:16:23',20,44),(1,'2013-12-23 06:19:31',20,45),(1,'2013-12-23 06:22:07',20,44),(1,'2013-12-23 06:24:12',20,45),(1,'2013-12-23 06:26:30',20,44),(1,'2013-12-23 06:28:45',20,44),(1,'2013-12-23 06:31:00',20,45),(1,'2013-12-23 06:33:11',20,45),(1,'2013-12-23 06:35:40',20,44),(1,'2013-12-23 06:38:27',21,43),(1,'2013-12-23 06:40:53',21,43),(1,'2013-12-23 06:43:19',20,44),(1,'2013-12-23 06:45:49',21,43),(1,'2013-12-23 06:48:25',21,43),(1,'2013-12-23 06:50:47',21,43),(1,'2013-12-23 06:52:51',21,43),(1,'2013-12-23 06:54:59',21,43),(1,'2013-12-23 06:57:14',21,43),(1,'2013-12-23 07:00:08',21,43),(1,'2013-12-23 07:02:37',21,43),(1,'2013-12-23 07:04:38',21,43),(1,'2013-12-23 07:07:25',21,43),(1,'2013-12-23 07:09:58',21,42),(1,'2013-12-23 07:13:34',21,44),(1,'2013-12-23 07:16:00',21,43),(1,'2013-12-23 07:18:08',21,43),(1,'2013-12-23 07:20:41',22,43),(1,'2013-12-23 07:22:48',22,43),(1,'2013-12-23 07:25:42',22,43),(1,'2013-12-23 07:27:50',22,43),(1,'2013-12-23 07:30:34',22,43),(1,'2013-12-23 07:32:56',21,43),(1,'2013-12-23 07:35:22',22,43),(1,'2013-12-23 07:37:26',22,43),(1,'2013-12-23 07:39:48',22,43),(1,'2013-12-23 07:42:07',22,43),(1,'2013-12-23 07:44:29',42,22),(1,'2013-12-23 07:46:44',22,43),(1,'2013-12-23 07:49:30',21,43),(1,'2013-12-23 07:53:14',21,43),(1,'2013-12-23 07:56:05',21,43),(1,'2013-12-23 08:00:03',21,43),(1,'2013-12-23 08:04:44',21,43),(1,'2013-12-23 08:07:24',21,43),(1,'2013-12-23 08:09:56',21,44),(1,'2013-12-23 08:12:22',21,43),(1,'2013-12-23 08:14:22',42,22),(1,'2013-12-23 08:16:37',21,43),(1,'2013-12-23 08:19:39',21,43);
/*!40000 ALTER TABLE `tempsensor` ENABLE KEYS */;
UNLOCK TABLES;

--
-- Table structure for table `timetable`
--

DROP TABLE IF EXISTS `timetable`;
/*!40101 SET @saved_cs_client     = @@character_set_client */;
/*!40101 SET character_set_client = utf8 */;
CREATE TABLE `timetable` (
  `devid` int(11) DEFAULT NULL,
  `ntime` varchar(100) DEFAULT NULL,
  `srdelta` int(11) DEFAULT NULL,
  `ssdelta` int(11) DEFAULT NULL,
  `saction` int(11) DEFAULT NULL
) ENGINE=InnoDB DEFAULT CHARSET=latin1;
/*!40101 SET character_set_client = @saved_cs_client */;

--
-- Dumping data for table `timetable`
--

LOCK TABLES `timetable` WRITE;
/*!40000 ALTER TABLE `timetable` DISABLE KEYS */;
INSERT INTO `timetable` VALUES (4,'16:12',NULL,NULL,1),(4,'23:15',NULL,NULL,0),(4,'08:00',NULL,NULL,1),(4,'08:30',NULL,NULL,0),(3,'16:20',NULL,NULL,1),(3,'00:15',NULL,NULL,0),(8,'16:15',NULL,NULL,1),(8,'23:30',NULL,NULL,0),(5,'16:20',NULL,NULL,1),(5,'23:55',NULL,NULL,0),(7,'20:15',NULL,NULL,1),(7,'23:50',NULL,NULL,0),(11,'16:15',NULL,NULL,1),(11,'22:00',NULL,NULL,0),(12,'16:10',NULL,NULL,1),(12,'23:00',NULL,NULL,0),(13,'22:00',NULL,NULL,1),(13,'23:00',NULL,NULL,0);
/*!40000 ALTER TABLE `timetable` ENABLE KEYS */;
UNLOCK TABLES;
/*!40103 SET TIME_ZONE=@OLD_TIME_ZONE */;

/*!40101 SET SQL_MODE=@OLD_SQL_MODE */;
/*!40014 SET FOREIGN_KEY_CHECKS=@OLD_FOREIGN_KEY_CHECKS */;
/*!40014 SET UNIQUE_CHECKS=@OLD_UNIQUE_CHECKS */;
/*!40101 SET CHARACTER_SET_CLIENT=@OLD_CHARACTER_SET_CLIENT */;
/*!40101 SET CHARACTER_SET_RESULTS=@OLD_CHARACTER_SET_RESULTS */;
/*!40101 SET COLLATION_CONNECTION=@OLD_COLLATION_CONNECTION */;
/*!40111 SET SQL_NOTES=@OLD_SQL_NOTES */;

-- Dump completed on 2013-12-23  8:21:36
